party,district,date,blankVotes,blankVotesPercentage,nullVotes,nullVotesPercentage,percentage,percentageVoters,validVotesPercentage,votes
A,Aveiro,2019-10-06,10642,447.3999999999999,6375,272.96,83.87999999999998,8015.390000000002,88.31000000000006,2178
A,Açores,2019-10-06,3926,831.7299999999993,1363,248.05000000000004,104.6,6204.549999999999,111.87000000000002,732
A,Beja,2019-10-06,1371,140.85999999999999,1094,129.98999999999998,23.020000000000003,3994.11,23.89,252
A,Braga,2019-10-06,14504,1053.83,8029,645.0499999999994,157.50999999999996,20522.750000000004,165.71000000000018,2182
A,Bragança,2019-10-06,1305,439.96999999999997,1417,534.4799999999999,67.36000000000003,10084.110000000006,70.58999999999999,309
A,Castelo Branco,2019-10-06,2250,279.49000000000007,2232,324.70999999999987,73.14999999999999,6581.849999999999,77.1,715
A,Coimbra,2019-10-06,6889,531.2600000000002,3814,347.09999999999985,124.25000000000004,8356.199999999999,131.71000000000004,2106
A,Faro,2019-10-06,4900,200.80000000000004,3069,136.77000000000004,38.800000000000004,3274.2000000000003,40.82000000000001,1310
A,Guarda,2019-10-06,2026,625.8999999999994,2057,675.4999999999997,104.64000000000001,11918.08,110.9,406
A,Leiria,2019-10-06,8202,390.65000000000003,5152,266.55000000000007,95.35999999999996,6036.829999999998,101.63000000000001,2183
A,Lisboa,2019-10-06,23702,327.96,16081,226.88,148.5900000000001,7702.05,154.84,14036
A,Madeira,2019-10-06,697,31.670000000000016,2292,96.04,20.7,2742.3799999999997,21.229999999999997,630
A,Portalegre,2019-10-06,1200,140.92999999999998,999,142.62000000000003,28.260000000000005,3953.2100000000005,29.479999999999997,269
A,Porto,2019-10-06,21233,537.0000000000005,15185,439.64999999999986,82.68000000000002,14050.8,86.17999999999996,4370
A,Santarém,2019-10-06,6022,401.42000000000013,4011,286.9199999999999,106.65,7980.309999999998,112.40000000000002,1698
A,Setúbal,2019-10-06,8191,114.34999999999997,6038,82.91999999999999,34.09,3000.2299999999996,35.440000000000005,2889
A,Viana do Castelo,2019-10-06,3617,588.8000000000001,2199,371.44999999999965,86.10999999999997,10214.650000000003,90.47,679
A,Vila Real,2019-10-06,2258,427.4400000000001,2397,525.3799999999999,96.68000000000004,8533.27,101.77000000000001,700
A,Viseu,2019-10-06,4995,693.7199999999996,3700,611.5299999999996,142.61000000000007,14117.129999999994,150.01000000000005,1215
A,Évora,2019-10-06,1680,139.88,1047,100.47000000000001,32.38000000000001,3860.2999999999997,33.60999999999999,459
B.E.,Aveiro,2015-10-04,9163,353.6900000000002,6130,252.76000000000005,1194.4100000000003,8243.029999999999,1246.5100000000004,35327
B.E.,Aveiro,2019-10-06,10642,447.3999999999999,6375,272.96,1280.0999999999997,8015.390000000001,1346.0600000000002,35068
B.E.,Açores,2015-10-04,3047,556.74,1583,284.56999999999994,1020.3900000000001,7021.7599999999975,1077.3599999999997,7330
B.E.,Açores,2019-10-06,3926,831.7299999999993,1363,248.05,1034.22,6204.549999999998,1110.8699999999994,6661
B.E.,Beja,2015-10-04,1230,110.82000000000002,1132,120.95000000000003,543.4300000000001,4397.6399999999985,561.0000000000001,6105
B.E.,Beja,2019-10-06,1371,140.85999999999999,1094,129.98999999999998,594.65,3994.1099999999997,617.8699999999998,5833
B.E.,Braga,2015-10-04,10708,754.4299999999995,6112,458.45000000000005,2507.4199999999983,20443.15,2599.2399999999993,41745
B.E.,Braga,2019-10-06,14504,1053.83,8029,645.0499999999994,2479.1599999999994,20522.750000000004,2606.8199999999993,41331
B.E.,Bragança,2015-10-04,1189,371.7700000000001,1408,473.1700000000002,1034.9599999999996,10585.050000000003,1075.52,3858
B.E.,Bragança,2019-10-06,1305,439.96999999999997,1417,534.4799999999999,1079.7099999999994,10084.110000000006,1129.850000000001,3833
B.E.,Castelo Branco,2015-10-04,2091,227.7899999999999,2167,283.78,963.5700000000003,6792.179999999996,1005.6300000000005,10450
B.E.,Castelo Branco,2019-10-06,2250,279.49000000000007,2232,324.70999999999987,1053.61,6581.849999999999,1108.6299999999999,10352
B.E.,Coimbra,2015-10-04,5929,392.8599999999999,3536,293.0800000000001,1255.7199999999998,8770.320000000003,1313.5700000000004,21780
B.E.,Coimbra,2019-10-06,6889,531.2600000000002,3814,347.09999999999985,1401.2300000000002,8356.2,1484.3700000000003,22808
B.E.,Faro,2015-10-04,4286,153.04000000000002,3079,124.43,836.0499999999998,3619.5499999999997,871.53,26922
B.E.,Faro,2019-10-06,4900,200.79999999999998,3069,136.77,737.9700000000001,3274.2000000000003,776.49,21255
B.E.,Guarda,2015-10-04,1689,505.5499999999998,1987,596.7099999999995,1485.5100000000004,12321.069999999996,1557.8400000000004,6341
B.E.,Guarda,2019-10-06,2026,625.8999999999994,2057,675.4999999999997,1512.8099999999997,11918.08,1600.3399999999995,5990
B.E.,Leiria,2015-10-04,6902,311.59000000000003,4699,228.64999999999998,886.7000000000002,6298.630000000001,933.3099999999998,23034
B.E.,Leiria,2019-10-06,8202,390.6500000000001,5152,266.55000000000007,862.5900000000003,6036.829999999998,917.4199999999998,20925
B.E.,Lisboa,2015-10-04,22176,285.3299999999999,17112,212.62000000000018,1400.8700000000001,8132.059999999999,1454.7000000000007,125438
B.E.,Lisboa,2019-10-06,23702,327.96,16081,226.88000000000002,1239.8200000000004,7702.05,1292.6500000000003,106944
B.E.,Madeira,2015-10-04,1018,47.94000000000001,3597,156.12,440.88000000000005,2623.62,458.73,13342
B.E.,Madeira,2019-10-06,697,31.670000000000012,2292,96.04,212.9,2742.3799999999997,217.92,6806
B.E.,Portalegre,2015-10-04,1130,118.61000000000004,896,104.43,546.7499999999998,4266.54,565.6000000000001,5427
B.E.,Portalegre,2019-10-06,1200,140.92999999999998,999,142.62000000000003,492.7300000000001,3953.210000000001,513.76,4166
B.E.,Porto,2015-10-04,18902,422.32000000000005,14073,372.60999999999996,2138.540000000001,14410.610000000008,2211.7899999999986,106954
B.E.,Porto,2019-10-06,21233,537.0000000000005,15185,439.6499999999998,1906.8999999999996,14050.8,1986.0800000000008,94553
B.E.,Santarém,2015-10-04,5142,303.81,3967,263.78000000000003,1367.6600000000003,8382.39,1424.0500000000002,24489
B.E.,Santarém,2019-10-06,6022,401.42000000000013,4011,286.9199999999999,1327.1999999999996,7980.309999999998,1394.9099999999987,21141
B.E.,Setúbal,2015-10-04,7261,91.48999999999998,6183,76.11000000000003,650.6199999999999,3261.0899999999992,671.69,55276
B.E.,Setúbal,2019-10-06,8191,114.34999999999998,6038,82.91999999999999,595.9799999999998,3000.2299999999996,618.78,47863
B.E.,Viana do Castelo,2015-10-04,3228,491.69999999999993,2141,350.8700000000001,1238.89,10140.639999999996,1293.68,10225
B.E.,Viana do Castelo,2019-10-06,3617,588.8000000000001,2199,371.44999999999965,1269.8900000000003,10214.650000000003,1333.6100000000001,10320
B.E.,Vila Real,2015-10-04,1919,319.36999999999995,1960,365.71000000000004,784.1199999999998,9000.09,813.3100000000003,5707
B.E.,Vila Real,2019-10-06,2258,427.44000000000005,2397,525.38,881.1399999999998,8533.269999999999,926.1399999999994,6078
B.E.,Viseu,2015-10-04,4235,559.3800000000005,3632,545.4499999999999,1540.8199999999997,14021.59,1606.7100000000007,12816
B.E.,Viseu,2019-10-06,4995,693.7199999999996,3700,611.5299999999996,1763.5100000000007,14117.129999999996,1851.3600000000006,13956
B.E.,Évora,2015-10-04,1421,93.58,1079,88.09999999999997,518.0899999999999,4257.69,532.3199999999999,7312
B.E.,Évora,2019-10-06,1680,139.88000000000002,1047,100.47000000000003,526.87,3860.2999999999997,546.35,6624
CDS-PP,Aveiro,2019-10-06,10642,447.3999999999999,6375,272.96,1000.6500000000001,8015.390000000001,1053.3600000000001,20045
CDS-PP,Açores,2019-10-06,3926,831.7299999999993,1363,248.05,817.0800000000002,6204.549999999998,875.22,4014
CDS-PP,Beja,2019-10-06,1371,140.85999999999999,1094,129.98999999999998,149.21000000000004,3994.1099999999997,155.07999999999993,1480
CDS-PP,Braga,2019-10-06,14504,1053.83,8029,645.0499999999994,1534.610000000001,20522.750000000004,1615.21,19127
CDS-PP,Bragança,2019-10-06,1305,439.96999999999997,1417,534.4799999999999,1066.0900000000001,10084.110000000006,1115.7099999999998,2831
CDS-PP,Castelo Branco,2019-10-06,2250,279.49000000000007,2232,324.70999999999987,461.71999999999997,6581.849999999999,486.65,3479
CDS-PP,Coimbra,2019-10-06,6889,531.2600000000002,3814,347.09999999999985,505.87,8356.199999999999,537.0700000000003,7103
CDS-PP,Faro,2019-10-06,4900,200.8,3069,136.77,248.41999999999993,3274.2000000000003,261.5200000000001,6572
CDS-PP,Guarda,2019-10-06,2026,625.8999999999994,2057,675.4999999999997,1328.0999999999992,11918.08,1402.5799999999997,3823
CDS-PP,Leiria,2019-10-06,8202,390.6500000000001,5152,266.55000000000007,619.19,6036.829999999998,659.5600000000003,11905
CDS-PP,Lisboa,2019-10-06,23702,327.96,16081,226.88000000000002,544.9499999999998,7702.05,567.9299999999998,48502
CDS-PP,Madeira,2015-10-04,1018,47.940000000000005,3597,156.11999999999998,401.3600000000001,2623.62,417.7800000000001,7536
CDS-PP,Madeira,2019-10-06,697,31.670000000000012,2292,96.04,382.67000000000013,2742.3799999999997,391.88,7852
CDS-PP,Portalegre,2019-10-06,1200,140.92999999999998,999,142.62000000000003,219.97000000000006,3953.210000000001,229.17000000000002,1961
CDS-PP,Porto,2019-10-06,21233,537.0000000000005,15185,439.6499999999998,894.4100000000005,14050.8,931.9999999999997,31181
CDS-PP,Santarém,2019-10-06,6022,401.42000000000013,4011,286.9199999999999,649.07,7980.309999999998,684.2499999999999,9793
CDS-PP,Setúbal,2019-10-06,8191,114.34999999999998,6038,82.91999999999999,166.89999999999992,3000.2299999999996,173.2,11703
CDS-PP,Viana do Castelo,2019-10-06,3617,588.8000000000001,2199,371.44999999999965,1453.9999999999995,10214.650000000003,1523.7600000000007,7576
CDS-PP,Vila Real,2019-10-06,2258,427.44000000000005,2397,525.38,951.1400000000003,8533.269999999999,999.2600000000002,4510
CDS-PP,Viseu,2019-10-06,4995,693.7199999999996,3700,611.5299999999996,1871.47,14117.129999999996,1963.239999999999,10462
CDS-PP,Évora,2019-10-06,1680,139.88000000000002,1047,100.47000000000003,199.79000000000008,3860.2999999999997,207.15000000000006,2535
CDS-PP.PPM,Açores,2015-10-04,3047,556.74,1583,284.56999999999994,640.4200000000003,7021.759999999997,676.45,3654
CH,Aveiro,2019-10-06,10642,447.3999999999999,6375,272.9599999999999,103.43000000000002,8015.390000000001,108.90999999999995,2600
CH,Açores,2019-10-06,3926,831.7299999999993,1363,248.04999999999998,121.37999999999998,6204.549999999999,130.69999999999996,709
CH,Beja,2019-10-06,1371,140.85999999999999,1094,129.98999999999998,137.04000000000002,3994.1099999999997,141.84999999999997,1313
CH,Braga,2019-10-06,14504,1053.83,8029,645.0499999999994,231.49000000000004,20522.750000000004,243.53000000000014,3177
CH,Bragança,2019-10-06,1305,439.9699999999999,1417,534.4799999999999,145.20000000000007,10084.110000000006,152.18000000000006,533
CH,Castelo Branco,2019-10-06,2250,279.49,2232,324.70999999999987,127.91999999999996,6581.849999999999,134.86,1187
CH,Coimbra,2019-10-06,6889,531.2600000000002,3814,347.09999999999985,131.21999999999997,8356.199999999999,139.26000000000002,1836
CH,Faro,2019-10-06,4900,200.8,3069,136.77000000000004,130.74,3274.2000000000003,137.69000000000003,3690
CH,Guarda,2019-10-06,2026,625.8999999999994,2057,675.4999999999997,279.17999999999995,11918.08,296.1699999999999,1135
CH,Leiria,2019-10-06,8202,390.6500000000001,5152,266.55,152.59999999999994,6036.829999999998,162.44,3321
CH,Lisboa,2019-10-06,23702,327.96,16081,226.88000000000002,265.20000000000005,7702.05,276.89,22053
CH,Madeira,2019-10-06,697,31.670000000000012,2292,96.04,30.29,2742.3799999999997,31.019999999999996,911
CH,Portalegre,2019-10-06,1200,140.92999999999998,999,142.62000000000003,151.65000000000003,3953.210000000001,157.92000000000002,1407
CH,Porto,2019-10-06,21233,537.0000000000005,15185,439.64999999999975,134.44999999999993,14050.8,140.17000000000004,5708
CH,Santarém,2019-10-06,6022,401.42000000000013,4011,286.9199999999999,232.85000000000002,7980.309999999998,244.24999999999997,4210
CH,Setúbal,2019-10-06,8191,114.34999999999998,6038,82.91999999999999,93.84000000000003,3000.2299999999996,97.50999999999999,7643
CH,Viana do Castelo,2019-10-06,3617,588.8000000000001,2199,371.44999999999965,128.32000000000002,10214.650000000003,134.78999999999996,858
CH,Vila Real,2019-10-06,2258,427.4400000000001,2397,525.3799999999999,125.88000000000001,8533.269999999999,132.42000000000002,791
CH,Viseu,2019-10-06,4995,693.7199999999996,3700,611.5299999999996,206.14999999999995,14117.129999999996,216.07000000000008,1721
CH,Évora,2019-10-06,1680,139.88000000000002,1047,100.47000000000001,137.59999999999997,3860.2999999999997,142.59000000000003,1645
IL,Aveiro,2019-10-06,10642,447.3999999999999,6375,272.96,121.19,8015.390000000002,127.38,3582
IL,Açores,2019-10-06,3926,831.7299999999993,1363,248.05,76.34999999999997,6204.549999999998,81.88999999999999,568
IL,Beja,2019-10-06,1371,140.86,1094,129.98999999999998,26.840000000000003,3994.11,27.87,279
IL,Braga,2019-10-06,14504,1053.8300000000002,8029,645.0499999999994,202.46,20522.750000000004,213.23000000000005,3804
IL,Bragança,2019-10-06,1305,439.9699999999999,1417,534.4799999999999,61.65,10084.110000000006,64.59999999999998,271
IL,Castelo Branco,2019-10-06,2250,279.49000000000007,2232,324.70999999999987,43.78999999999999,6581.849999999999,46.17000000000002,543
IL,Coimbra,2019-10-06,6889,531.2600000000002,3814,347.0999999999999,76.56000000000004,8356.2,81.11999999999995,1676
IL,Faro,2019-10-06,4900,200.80000000000004,3069,136.77,46.12000000000001,3274.2000000000003,48.59000000000001,1424
IL,Guarda,2019-10-06,2026,625.8999999999994,2057,675.4999999999997,111.67999999999999,11918.08,118.31999999999995,461
IL,Leiria,2019-10-06,8202,390.65000000000003,5152,266.55,84.99999999999999,6036.829999999998,90.47,2054
IL,Lisboa,2019-10-06,23702,327.96,16081,226.88000000000002,248.31,7702.05,257.6499999999999,27166
IL,Madeira,2019-10-06,697,31.670000000000016,2292,96.04,29.779999999999994,2742.3799999999997,30.449999999999996,922
IL,Portalegre,2019-10-06,1200,140.92999999999998,999,142.62000000000003,23.280000000000005,3953.2100000000005,24.27999999999999,255
IL,Porto,2019-10-06,21233,537.0000000000003,15185,439.6499999999998,216.06999999999988,14050.8,224.98999999999995,14221
IL,Santarém,2019-10-06,6022,401.4200000000002,4011,286.9199999999999,84.26999999999998,7980.309999999998,88.64999999999999,1605
IL,Setúbal,2019-10-06,8191,114.34999999999998,6038,82.91999999999999,46.00999999999999,3000.2299999999996,47.84999999999999,4133
IL,Viana do Castelo,2019-10-06,3617,588.8000000000001,2199,371.44999999999965,86.83999999999996,10214.650000000003,91.32999999999998,692
IL,Vila Real,2019-10-06,2258,427.44000000000005,2397,525.38,51.54,8533.27,54.300000000000004,425
IL,Viseu,2019-10-06,4995,693.7199999999996,3700,611.5299999999996,101.56999999999996,14117.129999999994,106.80999999999999,974
IL,Évora,2019-10-06,1680,139.88,1047,100.47000000000003,30.240000000000002,3860.3,31.35000000000001,490
JPP,Aveiro,2015-10-04,9163,353.6900000000002,6130,252.76000000000005,20.230000000000008,8243.029999999997,21.06,448
JPP,Aveiro,2019-10-06,10642,447.39999999999986,6375,272.96,11.450000000000003,8015.390000000001,12.0,264
JPP,Beja,2015-10-04,1230,110.82000000000004,1132,120.95000000000003,9.849999999999998,4397.6399999999985,10.16,88
JPP,Braga,2015-10-04,10708,754.4299999999996,6112,458.45000000000005,46.54,20443.15,48.199999999999974,637
JPP,Braga,2019-10-06,14504,1053.8299999999997,8029,645.0499999999995,31.049999999999983,20522.75,32.969999999999985,411
JPP,Bragança,2015-10-04,1189,371.77000000000004,1408,473.17000000000013,39.760000000000005,10585.050000000003,41.41999999999999,121
JPP,Coimbra,2015-10-04,5929,392.8599999999999,3536,293.08000000000004,19.240000000000006,8770.320000000002,20.150000000000002,272
JPP,Coimbra,2019-10-06,6889,531.2600000000002,3814,347.09999999999985,10.740000000000007,8356.199999999999,11.49,149
JPP,Guarda,2015-10-04,1689,505.5499999999998,1987,596.7099999999994,24.979999999999997,12321.069999999996,26.129999999999995,83
JPP,Leiria,2015-10-04,6902,311.5900000000001,4699,228.64999999999998,19.210000000000008,6298.630000000001,20.28,371
JPP,Leiria,2019-10-06,8202,390.6500000000001,5152,266.55000000000007,12.130000000000004,6036.829999999998,12.92,217
JPP,Lisboa,2015-10-04,22176,285.3299999999999,17112,212.62000000000015,21.77,8132.059999999998,22.650000000000002,1553
JPP,Madeira,2015-10-04,1018,47.94000000000001,3597,156.12,318.84,2623.62,330.97,8671
JPP,Madeira,2019-10-06,697,31.670000000000012,2292,96.04,244.33,2742.3799999999997,249.2,7125
JPP,Porto,2015-10-04,18902,422.32000000000005,14073,372.60999999999996,35.42000000000004,14410.610000000006,36.640000000000015,1239
JPP,Porto,2019-10-06,21233,537.0000000000005,15185,439.6499999999998,35.350000000000016,14050.8,36.81999999999999,1074
JPP,Setúbal,2015-10-04,7261,91.49,6183,76.11000000000003,6.249999999999998,3261.0899999999992,6.430000000000001,561
JPP,Viana do Castelo,2015-10-04,3228,491.7,2141,350.8700000000002,21.840000000000007,10140.639999999996,22.80999999999999,160
JPP,Viana do Castelo,2019-10-06,3617,588.8000000000001,2199,371.44999999999965,63.58,10214.650000000005,66.72,587
JPP,Viseu,2019-10-06,4995,693.7199999999996,3700,611.5299999999996,16.18,14117.129999999996,16.959999999999997,118
L,Aveiro,2019-10-06,10642,447.3999999999999,6375,272.9599999999999,79.52999999999999,8015.390000000002,83.66000000000003,2409
L,Açores,2019-10-06,3926,831.7299999999993,1363,248.04999999999998,108.17000000000003,6204.549999999999,116.81000000000006,714
L,Beja,2019-10-06,1371,140.86,1094,129.99,35.03999999999999,3994.1099999999997,36.38,397
L,Braga,2019-10-06,14504,1053.8300000000002,8029,645.0499999999994,183.91000000000003,20522.750000000004,193.31,3179
L,Bragança,2019-10-06,1305,439.9699999999999,1417,534.4799999999999,70.95000000000002,10084.110000000006,74.28999999999999,270
L,Castelo Branco,2019-10-06,2250,279.49,2232,324.70999999999987,81.77999999999996,6581.849999999999,86.23000000000002,834
L,Coimbra,2019-10-06,6889,531.2600000000002,3814,347.09999999999985,107.19000000000004,8356.199999999999,113.72999999999999,1926
L,Faro,2019-10-06,4900,200.80000000000004,3069,136.77000000000004,56.69999999999998,3274.2000000000003,59.690000000000005,1704
L,Guarda,2019-10-06,2026,625.8999999999994,2057,675.4999999999997,87.43000000000004,11918.08,92.48999999999998,373
L,Leiria,2019-10-06,8202,390.6500000000001,5152,266.55,83.75000000000001,6036.829999999998,89.18,2053
L,Lisboa,2019-10-06,23702,327.96,16081,226.88,225.89000000000001,7702.05,234.68,22807
L,Madeira,2019-10-06,697,31.670000000000016,2292,96.04,17.300000000000004,2742.38,17.730000000000008,480
L,Portalegre,2019-10-06,1200,140.92999999999998,999,142.62000000000003,33.51,3953.2100000000005,35.01000000000001,291
L,Porto,2019-10-06,21233,537.0000000000003,15185,439.6499999999998,175.9499999999999,14050.8,183.33,8952
L,Santarém,2019-10-06,6022,401.4200000000002,4011,286.9199999999999,104.82999999999998,7980.309999999998,110.16999999999999,1782
L,Setúbal,2019-10-06,8191,114.34999999999997,6038,82.91999999999999,55.029999999999994,3000.2299999999996,57.14,4874
L,Viana do Castelo,2019-10-06,3617,588.8000000000001,2199,371.44999999999965,95.17999999999996,10214.650000000005,99.77000000000002,688
L,Vila Real,2019-10-06,2258,427.4400000000001,2397,525.3799999999999,69.25999999999998,8533.27,72.90999999999995,549
L,Viseu,2019-10-06,4995,693.7199999999996,3700,611.5299999999996,93.46,14117.129999999996,98.32000000000005,875
L,Évora,2019-10-06,1680,139.88000000000002,1047,100.47000000000003,34.17000000000001,3860.2999999999997,35.460000000000015,503
L/TDA,Aveiro,2015-10-04,9163,353.6900000000002,6130,252.76000000000005,53.7,8243.029999999997,56.02000000000003,1660
L/TDA,Açores,2015-10-04,3047,556.7399999999999,1583,284.5699999999999,41.41000000000002,7021.7599999999975,43.59,332
L/TDA,Beja,2015-10-04,1230,110.82000000000004,1132,120.95000000000005,21.389999999999997,4397.639999999999,22.129999999999992,271
L/TDA,Braga,2015-10-04,10708,754.4299999999995,6112,458.45000000000005,142.8200000000001,20443.15,147.92,2333
L/TDA,Bragança,2015-10-04,1189,371.77000000000004,1408,473.17000000000013,80.30000000000001,10585.050000000001,83.69999999999997,251
L/TDA,Castelo Branco,2015-10-04,2091,227.7899999999999,2167,283.78,40.5,6792.179999999996,42.449999999999996,507
L/TDA,Coimbra,2015-10-04,5929,392.8599999999999,3536,293.08000000000004,64.73999999999998,8770.320000000003,67.72000000000003,1292
L/TDA,Faro,2015-10-04,4286,153.04000000000002,3079,124.43,41.959999999999994,3619.5499999999997,43.78,1435
L/TDA,Guarda,2015-10-04,1689,505.5499999999998,1987,596.7099999999994,60.86000000000001,12321.069999999996,63.8,287
L/TDA,Leiria,2015-10-04,6902,311.5900000000001,4699,228.64999999999998,69.2,6298.63,72.76,1786
L/TDA,Lisboa,2015-10-04,22176,285.32999999999987,17112,212.62000000000018,135.0499999999999,8132.059999999998,139.89000000000001,14683
L/TDA,Madeira,2015-10-04,1018,47.94000000000001,3597,156.12000000000003,47.07000000000001,2623.62,48.98,1260
L/TDA,Portalegre,2015-10-04,1130,118.61000000000004,896,104.43000000000002,17.53,4266.54,18.090000000000007,189
L/TDA,Porto,2015-10-04,18902,422.32000000000005,14073,372.60999999999996,82.84000000000007,14410.610000000006,85.66000000000003,5014
L/TDA,Santarém,2015-10-04,5142,303.81,3967,263.78000000000003,66.83999999999999,8382.39,69.69,1236
L/TDA,Setúbal,2015-10-04,7261,91.48999999999998,6183,76.11000000000003,48.57,3261.0899999999992,50.199999999999996,4277
L/TDA,Viana do Castelo,2015-10-04,3228,491.7,2141,350.8700000000002,54.05999999999995,10140.639999999996,56.31,453
L/TDA,Vila Real,2015-10-04,1919,319.36999999999995,1960,365.71000000000004,56.599999999999994,9000.089999999998,58.70999999999999,383
L/TDA,Viseu,2015-10-04,4235,559.3800000000003,3632,545.4499999999999,94.08999999999997,14021.59,98.28000000000003,1003
L/TDA,Évora,2015-10-04,1421,93.58000000000001,1079,88.09999999999998,19.62,4257.6900000000005,20.16,356
MAS,Açores,2019-10-06,3926,831.7299999999993,1363,248.05,21.159999999999997,6204.549999999998,22.639999999999993,112
MAS,Braga,2019-10-06,14504,1053.83,8029,645.0499999999993,36.50000000000002,20522.750000000004,38.349999999999994,544
MAS,Coimbra,2019-10-06,6889,531.2600000000002,3814,347.09999999999985,18.12,8356.199999999999,19.190000000000005,251
MAS,Leiria,2019-10-06,8202,390.6500000000001,5152,266.55000000000007,7.310000000000002,6036.829999999998,7.790000000000001,167
MAS,Lisboa,2019-10-06,23702,327.96,16081,226.88000000000002,16.37,7702.05,17.129999999999992,1236
MAS,Porto,2019-10-06,21233,537.0000000000005,15185,439.6499999999998,15.130000000000003,14050.8,15.740000000000004,522
MAS,Setúbal,2019-10-06,8191,114.34999999999997,6038,82.91999999999999,5.9,3000.2299999999996,6.139999999999999,326
MPT,Aveiro,2015-10-04,9163,353.6900000000002,6130,252.76000000000002,47.250000000000014,8243.029999999997,49.309999999999974,1325
MPT,Aveiro,2019-10-06,10642,447.3999999999999,6375,272.96,27.300000000000015,8015.390000000001,28.720000000000006,707
MPT,Açores,2015-10-04,3047,556.7399999999999,1583,284.5699999999999,50.14,7021.759999999997,52.79000000000001,299
MPT,Açores,2019-10-06,3926,831.7299999999993,1363,248.04999999999998,61.43,6204.549999999999,65.92999999999996,326
MPT,Beja,2015-10-04,1230,110.82000000000002,1132,120.95000000000003,22.999999999999996,4397.6399999999985,23.87,248
MPT,Beja,2019-10-06,1371,140.85999999999999,1094,129.99,22.679999999999996,3994.11,23.600000000000005,169
MPT,Braga,2015-10-04,10708,754.4299999999996,6112,458.45000000000005,128.48000000000002,20443.15,133.04999999999998,1604
MPT,Braga,2019-10-06,14504,1053.83,8029,645.0499999999995,77.82999999999994,20522.750000000004,81.68000000000008,1000
MPT,Bragança,2015-10-04,1189,371.77000000000004,1408,473.17000000000013,80.17999999999998,10585.050000000003,83.47000000000003,223
MPT,Castelo Branco,2015-10-04,2091,227.7899999999999,2167,283.78,59.83999999999999,6792.179999999996,62.7,474
MPT,Castelo Branco,2019-10-06,2250,279.49000000000007,2232,324.70999999999987,25.21,6581.849999999999,26.570000000000004,226
MPT,Coimbra,2015-10-04,5929,392.8599999999999,3536,293.08000000000004,54.38,8770.320000000002,56.92999999999999,854
MPT,Coimbra,2019-10-06,6889,531.2600000000002,3814,347.0999999999998,28.650000000000006,8356.199999999999,30.319999999999997,417
MPT,Faro,2015-10-04,4286,153.04000000000005,3079,124.43,43.98999999999998,3619.5499999999997,45.88000000000001,1222
MPT,Faro,2019-10-06,4900,200.8,3069,136.77,24.729999999999997,3274.2000000000003,26.05000000000001,740
MPT,Guarda,2015-10-04,1689,505.5499999999998,1987,596.7099999999995,104.29999999999998,12321.069999999996,109.57999999999998,298
MPT,Guarda,2019-10-06,2026,625.8999999999994,2057,675.4999999999997,46.25,11918.08,48.70999999999998,122
MPT,Leiria,2015-10-04,6902,311.5900000000001,4699,228.64999999999998,52.39999999999998,6298.630000000001,55.17000000000002,1189
MPT,Leiria,2019-10-06,8202,390.6500000000001,5152,266.55000000000007,30.050000000000004,6036.829999999998,32.02,667
MPT,Lisboa,2015-10-04,22176,285.3299999999999,17112,212.62000000000015,63.08999999999999,8132.059999999998,65.58,5078
MPT,Lisboa,2019-10-06,23702,327.96000000000004,16081,226.88,35.029999999999994,7702.05,36.54,2783
MPT,Madeira,2015-10-04,1018,47.94000000000001,3597,156.12000000000003,69.88,2623.62,72.67999999999999,1705
MPT,Madeira,2019-10-06,697,31.670000000000012,2292,96.04,17.79,2742.3799999999997,18.270000000000003,465
MPT,Portalegre,2015-10-04,1130,118.61000000000004,896,104.43000000000002,17.349999999999998,4266.539999999999,17.930000000000003,154
MPT,Portalegre,2019-10-06,1200,140.93,999,142.62000000000006,12.070000000000002,3953.210000000001,12.579999999999998,93
MPT,Porto,2015-10-04,18902,422.3200000000001,14073,372.60999999999996,88.59,14410.610000000006,91.45999999999997,3449
MPT,Porto,2019-10-06,21233,537.0000000000005,15185,439.6499999999998,41.72000000000001,14050.8,43.42999999999997,1721
MPT,Santarém,2015-10-04,5142,303.81,3967,263.78000000000003,63.75999999999998,8382.39,66.51999999999997,1038
MPT,Santarém,2019-10-06,6022,401.42000000000013,4011,286.9199999999999,34.03000000000001,7980.309999999998,35.87999999999999,471
MPT,Setúbal,2015-10-04,7261,91.48999999999998,6183,76.11000000000003,19.919999999999998,3261.0899999999992,20.56,1584
MPT,Setúbal,2019-10-06,8191,114.34999999999997,6038,82.91999999999999,14.600000000000009,3000.23,15.170000000000003,1106
MPT,Viana do Castelo,2015-10-04,3228,491.69999999999993,2141,350.8700000000002,63.28,10140.639999999996,65.95000000000002,445
MPT,Viana do Castelo,2019-10-06,3617,588.8000000000001,2199,371.4499999999997,33.480000000000004,10214.650000000003,35.220000000000006,209
MPT,Vila Real,2015-10-04,1919,319.36999999999995,1960,365.71000000000004,59.679999999999986,9000.089999999998,61.810000000000045,306
MPT,Viseu,2015-10-04,4235,559.3800000000003,3632,545.4499999999999,102.30999999999997,14021.59,106.57000000000002,679
MPT,Viseu,2019-10-06,4995,693.7199999999997,3700,611.5299999999996,35.75000000000001,14117.129999999994,37.66,256
MPT,Évora,2015-10-04,1421,93.58000000000001,1079,88.09999999999998,18.009999999999998,4257.6900000000005,18.48,242
MPT,Évora,2019-10-06,1680,139.88000000000002,1047,100.47000000000003,10.639999999999997,3860.2999999999997,10.990000000000002,143
NC,Aveiro,2015-10-04,9163,353.6900000000002,6130,252.76000000000002,39.47999999999999,8243.029999999997,41.179999999999986,1006
NC,Aveiro,2019-10-06,10642,447.39999999999986,6375,272.96,23.750000000000004,8015.390000000002,24.939999999999998,623
NC,Açores,2015-10-04,3047,556.7399999999999,1583,284.56999999999994,116.24999999999999,7021.759999999997,122.71000000000002,766
NC,Beja,2015-10-04,1230,110.82000000000004,1132,120.95000000000003,15.65,4397.6399999999985,16.229999999999997,160
NC,Beja,2019-10-06,1371,140.85999999999999,1094,129.98999999999998,10.919999999999998,3994.1099999999997,11.360000000000001,118
NC,Braga,2015-10-04,10708,754.4299999999996,6112,458.45000000000005,66.64999999999996,20443.15,69.16999999999996,972
NC,Braga,2019-10-06,14504,1053.83,8029,645.0499999999994,75.27999999999999,20522.750000000004,79.04,1017
NC,Bragança,2015-10-04,1189,371.77000000000004,1408,473.17000000000013,48.44000000000001,10585.050000000003,50.37,160
NC,Bragança,2019-10-06,1305,439.96999999999997,1417,534.4799999999998,47.46999999999999,10084.110000000006,49.64,137
NC,Castelo Branco,2015-10-04,2091,227.7899999999999,2167,283.78,31.909999999999982,6792.179999999996,33.370000000000005,267
NC,Coimbra,2015-10-04,5929,392.8599999999999,3536,293.08000000000004,52.08999999999998,8770.320000000003,54.44000000000001,683
NC,Coimbra,2019-10-06,6889,531.2600000000002,3814,347.0999999999998,26.359999999999996,8356.2,27.91999999999999,441
NC,Faro,2015-10-04,4286,153.04000000000002,3079,124.43,43.7,3619.5499999999997,45.610000000000014,1337
NC,Faro,2019-10-06,4900,200.8,3069,136.77,26.179999999999996,3274.2000000000003,27.499999999999996,733
NC,Guarda,2015-10-04,1689,505.5499999999998,1987,596.7099999999994,52.99000000000001,12321.069999999996,55.52000000000002,180
NC,Guarda,2019-10-06,2026,625.8999999999994,2057,675.4999999999997,44.46000000000001,11918.08,46.809999999999995,118
NC,Leiria,2015-10-04,6902,311.5900000000001,4699,228.64999999999998,34.989999999999995,6298.630000000001,36.819999999999986,840
NC,Leiria,2019-10-06,8202,390.6500000000001,5152,266.55,28.01999999999999,6036.829999999998,29.66999999999999,583
NC,Lisboa,2015-10-04,22176,285.3299999999999,17112,212.62000000000015,42.57000000000001,8132.059999999998,44.29999999999998,3737
NC,Lisboa,2019-10-06,23702,327.96,16081,226.88000000000002,29.46999999999999,7702.05,30.740000000000013,2713
NC,Madeira,2015-10-04,1018,47.94000000000001,3597,156.12,36.300000000000004,2623.62,37.69,1125
NC,Madeira,2019-10-06,697,31.670000000000012,2292,96.04,6.58,2742.3799999999997,6.74,188
NC,Portalegre,2015-10-04,1130,118.61000000000004,896,104.43,15.03,4266.54,15.52,144
NC,Porto,2015-10-04,18902,422.32000000000005,14073,372.60999999999996,72.10999999999999,14410.610000000006,74.41000000000001,2773
NC,Porto,2019-10-06,21233,537.0000000000003,15185,439.6499999999998,34.750000000000014,14050.8,36.23999999999999,1656
NC,Santarém,2015-10-04,5142,303.81,3967,263.78000000000003,60.33000000000001,8382.39,62.94000000000003,932
NC,Santarém,2019-10-06,6022,401.4200000000002,4011,286.91999999999996,55.07999999999999,7980.309999999998,58.11000000000002,814
NC,Setúbal,2015-10-04,7261,91.48999999999998,6183,76.11000000000003,19.189999999999994,3261.0899999999992,19.849999999999994,1572
NC,Setúbal,2019-10-06,8191,114.34999999999998,6038,82.91999999999999,13.17,3000.2299999999996,13.620000000000001,1025
NC,Viana do Castelo,2015-10-04,3228,491.7,2141,350.8700000000002,184.31000000000006,10140.639999999996,192.15999999999997,1037
NC,Viana do Castelo,2019-10-06,3617,588.8,2199,371.44999999999965,37.72000000000001,10214.650000000003,39.47999999999998,259
NC,Vila Real,2015-10-04,1919,319.36999999999995,1960,365.71000000000004,56.64000000000001,9000.089999999998,58.65000000000002,281
NC,Vila Real,2019-10-06,2258,427.44000000000005,2397,525.3799999999999,31.74,8533.269999999999,33.29,171
NC,Viseu,2015-10-04,4235,559.3800000000003,3632,545.4499999999999,69.17999999999998,14021.59,71.98,534
NC,Viseu,2019-10-06,4995,693.7199999999997,3700,611.5299999999996,39.230000000000004,14117.129999999996,41.38000000000001,332
NC,Évora,2015-10-04,1421,93.58000000000001,1079,88.09999999999998,14.899999999999999,4257.69,15.290000000000003,216
NC,Évora,2019-10-06,1680,139.88000000000002,1047,100.47000000000003,33.35,3860.2999999999997,34.470000000000006,311
PAN,Aveiro,2015-10-04,9163,353.6900000000002,6130,252.76000000000005,119.68,8243.029999999997,124.88999999999997,3573
PAN,Aveiro,2019-10-06,10642,447.3999999999999,6375,272.96,369.47000000000014,8015.390000000001,388.59000000000026,10424
PAN,Açores,2015-10-04,3047,556.74,1583,284.56999999999994,123.24,7021.759999999997,130.02000000000007,815
PAN,Açores,2019-10-06,3926,831.7299999999993,1363,248.05,345.38999999999976,6204.549999999999,371.7799999999999,2215
PAN,Beja,2015-10-04,1230,110.82000000000002,1132,120.95000000000002,49.650000000000006,4397.6399999999985,51.260000000000005,608
PAN,Beja,2019-10-06,1371,140.85999999999999,1094,129.98999999999998,117.45,3994.1099999999997,121.93000000000006,1269
PAN,Braga,2015-10-04,10708,754.4299999999995,6112,458.4500000000001,227.6399999999999,20443.15,236.1699999999998,3682
PAN,Braga,2019-10-06,14504,1053.8300000000002,8029,645.0499999999994,741.3900000000002,20522.750000000004,780.37,11934
PAN,Bragança,2015-10-04,1189,371.77000000000004,1408,473.1700000000002,102.20999999999998,10585.050000000003,106.20000000000006,386
PAN,Bragança,2019-10-06,1305,439.96999999999997,1417,534.4799999999999,204.85,10084.110000000006,214.27000000000015,831
PAN,Castelo Branco,2015-10-04,2091,227.7899999999999,2167,283.78,78.73,6792.179999999996,81.96000000000002,860
PAN,Castelo Branco,2019-10-06,2250,279.49000000000007,2232,324.70999999999987,228.28000000000006,6581.849999999999,240.75999999999988,2231
PAN,Coimbra,2015-10-04,5929,392.85999999999984,3536,293.08000000000004,121.29000000000005,8770.320000000003,127.02000000000002,2165
PAN,Coimbra,2019-10-06,6889,531.2600000000002,3814,347.09999999999985,325.36,8356.199999999999,344.9600000000001,5355
PAN,Faro,2015-10-04,4286,153.04000000000002,3079,124.43,110.13999999999997,3619.5499999999997,114.87000000000005,3783
PAN,Faro,2019-10-06,4900,200.8,3069,136.77,263.80000000000007,3274.2000000000003,277.43000000000006,8238
PAN,Guarda,2015-10-04,1689,505.5499999999997,1987,596.7099999999994,180.36000000000004,12321.069999999998,188.68000000000004,725
PAN,Guarda,2019-10-06,2026,625.8999999999994,2057,675.4999999999997,297.6699999999999,11918.08,315.7000000000001,1223
PAN,Leiria,2015-10-04,6902,311.5900000000001,4699,228.64999999999998,110.07,6298.63,115.89,2908
PAN,Leiria,2019-10-06,8202,390.6500000000001,5152,266.55000000000007,265.3999999999999,6036.829999999998,282.48999999999995,6413
PAN,Lisboa,2015-10-04,22176,285.3299999999999,17112,212.62000000000018,222.48000000000008,8132.059999999999,230.90000000000012,22628
PAN,Lisboa,2019-10-06,23702,327.96,16081,226.88000000000002,517.25,7702.05,539.3699999999999,48536
PAN,Madeira,2015-10-04,1018,47.940000000000005,3597,156.12,73.82999999999998,2623.62,76.73000000000002,2206
PAN,Madeira,2019-10-06,697,31.670000000000012,2292,96.04,69.67,2742.3799999999997,71.30999999999996,2361
PAN,Portalegre,2015-10-04,1130,118.61000000000004,896,104.43000000000002,47.34000000000001,4266.54,49.04000000000001,464
PAN,Portalegre,2019-10-06,1200,140.92999999999998,999,142.62,97.59999999999997,3953.210000000001,102.05000000000003,856
PAN,Porto,2015-10-04,18902,422.32000000000005,14073,372.60999999999996,259.5300000000002,14410.610000000006,268.63,15295
PAN,Porto,2019-10-06,21233,537.0000000000003,15185,439.6499999999998,604.8300000000003,14050.8,630.47,32328
PAN,Santarém,2015-10-04,5142,303.81,3967,263.78000000000003,157.72000000000003,8382.39,164.40999999999988,2715
PAN,Santarém,2019-10-06,6022,401.42000000000013,4011,286.9199999999999,312.26999999999987,7980.309999999998,328.58999999999986,5364
PAN,Setúbal,2015-10-04,7261,91.49,6183,76.11000000000003,83.64999999999999,3261.0899999999992,86.42,8167
PAN,Setúbal,2019-10-06,8191,114.34999999999998,6038,82.91999999999999,199.57999999999998,3000.2299999999996,207.25000000000003,17529
PAN,Viana do Castelo,2015-10-04,3228,491.7,2141,350.8700000000002,130.84000000000003,10140.639999999996,136.5599999999999,1086
PAN,Viana do Castelo,2019-10-06,3617,588.8000000000001,2199,371.44999999999965,379.2499999999998,10214.650000000003,398.45,2876
PAN,Vila Real,2015-10-04,1919,319.3699999999999,1960,365.71000000000004,91.10999999999996,9000.089999999998,94.55999999999993,667
PAN,Vila Real,2019-10-06,2258,427.44000000000005,2397,525.3799999999999,236.72000000000006,8533.269999999999,248.95000000000002,1651
PAN,Viseu,2015-10-04,4235,559.3800000000003,3632,545.4499999999999,159.51,14021.59,166.25000000000006,1296
PAN,Viseu,2019-10-06,4995,693.7199999999996,3700,611.5299999999996,469.89000000000004,14117.129999999996,494.0100000000001,3778
PAN,Évora,2015-10-04,1421,93.58,1079,88.09999999999998,46.40000000000003,4257.69,47.749999999999986,723
PAN,Évora,2019-10-06,1680,139.88000000000002,1047,100.47000000000003,100.49999999999999,3860.2999999999997,104.33000000000001,1446
PCP-PEV,Aveiro,2015-10-04,9163,353.6900000000002,6130,252.76000000000005,531.1700000000001,8243.029999999997,554.4800000000002,16038
PCP-PEV,Aveiro,2019-10-06,10642,447.3999999999999,6375,272.96,380.14,8015.390000000001,399.4699999999998,10738
PCP-PEV,Açores,2015-10-04,3047,556.74,1583,284.56999999999994,385.43999999999994,7021.7599999999975,408.54999999999995,2320
PCP-PEV,Açores,2019-10-06,3926,831.7299999999992,1363,248.04999999999998,429.57999999999976,6204.549999999999,462.52999999999986,2045
PCP-PEV,Beja,2015-10-04,1230,110.82000000000002,1132,120.95000000000003,1962.7299999999996,4397.6399999999985,2022.0800000000004,18592
PCP-PEV,Beja,2019-10-06,1371,140.85999999999999,1094,129.98999999999998,1786.9100000000003,3994.1099999999997,1850.5900000000001,14655
PCP-PEV,Braga,2015-10-04,10708,754.4299999999995,6112,458.4500000000001,1394.5299999999997,20443.15,1445.120000000001,24632
PCP-PEV,Braga,2019-10-06,14504,1053.8300000000002,8029,645.0499999999994,1054.5200000000004,20522.750000000004,1107.2400000000002,18443
PCP-PEV,Bragança,2015-10-04,1189,371.7700000000001,1408,473.1700000000002,560.5999999999996,10585.050000000003,582.9800000000002,2136
PCP-PEV,Bragança,2019-10-06,1305,439.96999999999997,1417,534.4799999999999,373.99,10084.110000000006,391.37999999999994,1347
PCP-PEV,Castelo Branco,2015-10-04,2091,227.7899999999999,2167,283.78,597.6700000000002,6792.179999999996,622.2400000000004,6286
PCP-PEV,Castelo Branco,2019-10-06,2250,279.49000000000007,2232,324.70999999999987,464.5699999999996,6581.849999999999,488.05,4451
PCP-PEV,Coimbra,2015-10-04,5929,392.8599999999999,3536,293.08000000000004,884.3699999999998,8770.320000000002,923.0399999999997,15476
PCP-PEV,Coimbra,2019-10-06,6889,531.2600000000002,3814,347.09999999999985,676.0700000000004,8356.2,714.5999999999998,11402
PCP-PEV,Faro,2015-10-04,4286,153.04000000000002,3079,124.43,593.2299999999999,3619.5499999999997,618.6900000000003,16539
PCP-PEV,Faro,2019-10-06,4900,200.79999999999998,3069,136.77,475.94000000000005,3274.2000000000003,501.1999999999999,12180
PCP-PEV,Guarda,2015-10-04,1689,505.5499999999998,1987,596.7099999999994,835.1900000000002,12321.069999999996,874.1200000000001,3379
PCP-PEV,Guarda,2019-10-06,2026,625.8999999999994,2057,675.4999999999997,587.26,11918.08,620.3499999999999,2295
PCP-PEV,Leiria,2015-10-04,6902,311.59000000000003,4699,228.64999999999998,420.24999999999994,6298.630000000001,442.0300000000001,12181
PCP-PEV,Leiria,2019-10-06,8202,390.6500000000001,5152,266.55000000000007,346.0499999999999,6036.829999999998,367.5399999999999,9537
PCP-PEV,Lisboa,2015-10-04,22176,285.32999999999987,17112,212.62000000000018,1365.0400000000006,8132.059999999999,1415.9500000000005,113406
PCP-PEV,Lisboa,2019-10-06,23702,327.96,16081,226.88000000000002,1046.4000000000003,7702.05,1089.86,85789
PCP-PEV,Madeira,2015-10-04,1018,47.94000000000001,3597,156.12,140.77000000000007,2623.62,146.26000000000005,4468
PCP-PEV,Madeira,2019-10-06,697,31.670000000000016,2292,96.04,78.68,2742.3799999999997,80.52,2702
PCP-PEV,Portalegre,2015-10-04,1130,118.61000000000004,896,104.43,1020.6199999999997,4266.539999999999,1050.22,7184
PCP-PEV,Portalegre,2019-10-06,1200,140.92999999999998,999,142.62000000000003,927.69,3953.210000000001,965.6300000000001,5480
PCP-PEV,Porto,2015-10-04,18902,422.32000000000005,14073,372.60999999999996,1228.0799999999986,14410.610000000006,1270.0600000000006,65560
PCP-PEV,Porto,2019-10-06,21233,537.0000000000003,15185,439.6499999999998,803.2800000000003,14050.8,836.6899999999999,44859
PCP-PEV,Santarém,2015-10-04,5142,303.81,3967,263.78000000000003,1290.7099999999998,8382.39,1340.1399999999999,21941
PCP-PEV,Santarém,2019-10-06,6022,401.42000000000013,4011,286.9199999999999,1007.6300000000001,7980.309999999998,1054.8800000000003,15662
PCP-PEV,Setúbal,2015-10-04,7261,91.49,6183,76.11000000000003,1191.3300000000002,3261.0899999999992,1226.8400000000001,79606
PCP-PEV,Setúbal,2019-10-06,8191,114.34999999999998,6038,82.91999999999999,1026.9099999999999,3000.2299999999996,1063.3500000000001,62236
PCP-PEV,Viana do Castelo,2015-10-04,3228,491.7,2141,350.87000000000006,651.8199999999998,10140.639999999996,681.4599999999998,6726
PCP-PEV,Viana do Castelo,2019-10-06,3617,588.8000000000001,2199,371.44999999999965,492.9799999999998,10214.650000000003,517.4099999999999,4839
PCP-PEV,Vila Real,2015-10-04,1919,319.3699999999999,1960,365.71000000000004,434.56999999999994,9000.09,450.17000000000013,3250
PCP-PEV,Vila Real,2019-10-06,2258,427.4400000000001,2397,525.3799999999999,375.7499999999999,8533.269999999999,394.56999999999994,2519
PCP-PEV,Viseu,2015-10-04,4235,559.3800000000005,3632,545.4499999999999,889.7700000000001,14021.59,926.6200000000002,6668
PCP-PEV,Viseu,2019-10-06,4995,693.7199999999996,3700,611.5299999999996,532.5,14117.129999999996,559.2000000000004,4082
PCP-PEV,Évora,2015-10-04,1421,93.58,1079,88.09999999999998,1695.6099999999994,4257.69,1739.6299999999997,18567
PCP-PEV,Évora,2019-10-06,1680,139.88000000000002,1047,100.47000000000003,1487.7399999999998,3860.2999999999997,1539.0999999999995,13980
PCTP/MRPP,Aveiro,2015-10-04,9163,353.6900000000002,6130,252.76000000000005,122.23000000000005,8243.029999999997,127.40999999999997,3280
PCTP/MRPP,Aveiro,2019-10-06,10642,447.39999999999986,6375,272.96,75.15,8015.390000000002,78.95000000000003,1892
PCTP/MRPP,Açores,2015-10-04,3047,556.7399999999999,1583,284.56999999999994,95.90999999999993,7021.759999999997,101.55999999999992,601
PCTP/MRPP,Açores,2019-10-06,3926,831.7299999999993,1363,248.05,113.90999999999998,6204.549999999999,123.01,528
PCTP/MRPP,Beja,2015-10-04,1230,110.82000000000002,1132,120.95000000000003,231.55,4397.6399999999985,238.89,1945
PCTP/MRPP,Beja,2019-10-06,1371,140.85999999999999,1094,129.98999999999998,121.82000000000002,3994.1099999999997,126.06000000000002,865
PCTP/MRPP,Braga,2015-10-04,10708,754.4299999999995,6112,458.4500000000001,373.84000000000026,20443.15,387.3599999999997,5436
PCTP/MRPP,Braga,2019-10-06,14504,1053.83,8029,645.0499999999994,163.28000000000006,20522.750000000004,171.4800000000001,2318
PCTP/MRPP,Bragança,2015-10-04,1189,371.7700000000001,1408,473.1700000000002,187.32999999999998,10585.050000000001,194.73999999999984,537
PCTP/MRPP,Bragança,2019-10-06,1305,439.96999999999997,1417,534.4799999999999,130.64000000000001,10084.110000000008,136.73999999999995,313
PCTP/MRPP,Castelo Branco,2015-10-04,2091,227.7899999999999,2167,283.78,132.41999999999996,6792.179999999996,138.12999999999997,1080
PCTP/MRPP,Castelo Branco,2019-10-06,2250,279.49000000000007,2232,324.70999999999987,104.85999999999997,6581.849999999999,110.33999999999999,694
PCTP/MRPP,Coimbra,2015-10-04,5929,392.8599999999999,3536,293.08000000000004,136.48000000000002,8770.320000000003,142.61000000000004,1889
PCTP/MRPP,Coimbra,2019-10-06,6889,531.2600000000002,3814,347.09999999999985,83.19000000000003,8356.199999999999,88.16999999999997,1031
PCTP/MRPP,Faro,2015-10-04,4286,153.04000000000002,3079,124.42999999999999,116.97000000000003,3619.5499999999997,122.00000000000003,3012
PCTP/MRPP,Faro,2019-10-06,4900,200.8,3069,136.77000000000004,61.760000000000026,3274.2000000000007,65.24999999999999,1513
PCTP/MRPP,Guarda,2015-10-04,1689,505.5499999999997,1987,596.7099999999994,199.25999999999996,12321.069999999996,208.7199999999999,689
PCTP/MRPP,Guarda,2019-10-06,2026,625.8999999999995,2057,675.4999999999997,106.99000000000002,11918.08,113.00000000000003,363
PCTP/MRPP,Leiria,2015-10-04,6902,311.5900000000001,4699,228.64999999999998,107.32999999999997,6298.630000000001,113.00000000000001,2517
PCTP/MRPP,Leiria,2019-10-06,8202,390.6500000000001,5152,266.55000000000007,75.24999999999996,6036.829999999999,79.87999999999997,1631
PCTP/MRPP,Lisboa,2015-10-04,22176,285.32999999999987,17112,212.62000000000015,151.3500000000001,8132.059999999999,157.20999999999992,11083
PCTP/MRPP,Lisboa,2019-10-06,23702,327.96,16081,226.88,130.4,7702.05,136.11999999999998,8923
PCTP/MRPP,Madeira,2015-10-04,1018,47.94000000000001,3597,156.12000000000003,57.76000000000002,2623.62,60.11,1592
PCTP/MRPP,Madeira,2019-10-06,697,31.670000000000012,2292,96.04,27.869999999999994,2742.3799999999997,28.489999999999995,790
PCTP/MRPP,Portalegre,2015-10-04,1130,118.61000000000004,896,104.43,134.5099999999999,4266.539999999999,138.9,1001
PCTP/MRPP,Portalegre,2019-10-06,1200,140.92999999999998,999,142.62000000000003,104.39999999999998,3953.210000000001,108.65999999999998,628
PCTP/MRPP,Porto,2015-10-04,18902,422.3200000000001,14073,372.60999999999996,250.98,14410.610000000006,259.2899999999999,10290
PCTP/MRPP,Porto,2019-10-06,21233,537.0000000000002,15185,439.6499999999998,130.57,14050.8,136.04000000000005,5047
PCTP/MRPP,Santarém,2015-10-04,5142,303.81,3967,263.78000000000003,189.85000000000002,8382.39,197.40000000000006,3060
PCTP/MRPP,Santarém,2019-10-06,6022,401.42000000000013,4011,286.9199999999999,105.16,7980.309999999998,110.43000000000002,1432
PCTP/MRPP,Setúbal,2015-10-04,7261,91.48999999999998,6183,76.11000000000003,98.93000000000002,3261.0899999999992,101.96000000000001,6721
PCTP/MRPP,Setúbal,2019-10-06,8191,114.34999999999998,6038,82.91999999999999,64.49,3000.2299999999996,66.94999999999999,3538
PCTP/MRPP,Viana do Castelo,2015-10-04,3228,491.7,2141,350.8700000000002,159.28999999999988,10140.639999999996,166.32,1113
PCTP/MRPP,Viana do Castelo,2019-10-06,3617,588.8000000000001,2199,371.44999999999965,90.30000000000003,10214.650000000003,94.80000000000001,671
PCTP/MRPP,Vila Real,2015-10-04,1919,319.36999999999995,1960,365.71000000000004,183.84999999999997,9000.089999999998,190.83000000000004,1004
PCTP/MRPP,Vila Real,2019-10-06,2258,427.4400000000001,2397,525.3799999999999,125.95000000000003,8533.269999999999,132.57999999999993,579
PCTP/MRPP,Viseu,2015-10-04,4235,559.3800000000005,3632,545.4499999999999,296.43,14021.59,308.88000000000005,1743
PCTP/MRPP,Viseu,2019-10-06,4995,693.7199999999996,3700,611.5299999999996,160.29000000000013,14117.129999999997,167.88999999999987,900
PCTP/MRPP,Évora,2015-10-04,1421,93.58,1079,88.09999999999998,120.77999999999997,4257.6900000000005,123.91,1245
PCTP/MRPP,Évora,2019-10-06,1680,139.88,1047,100.47000000000001,104.47999999999996,3860.2999999999997,108.19,922
PDR,Aveiro,2015-10-04,9163,353.6900000000002,6130,252.76000000000005,166.03999999999996,8243.029999999997,173.27999999999994,4548
PDR,Aveiro,2019-10-06,10642,447.3999999999999,6375,272.96,23.970000000000013,8015.390000000002,25.179999999999996,561
PDR,Açores,2015-10-04,3047,556.7399999999999,1583,284.56999999999994,75.17999999999998,7021.759999999997,79.44,511
PDR,Açores,2019-10-06,3926,831.7299999999993,1363,248.05,18.08,6204.549999999999,19.299999999999997,100
PDR,Beja,2015-10-04,1230,110.82000000000002,1132,120.95000000000003,32.89,4397.6399999999985,33.99,351
PDR,Beja,2019-10-06,1371,140.85999999999999,1094,129.98999999999995,11.650000000000002,3994.1099999999997,12.070000000000002,101
PDR,Braga,2015-10-04,10708,754.4299999999995,6112,458.4500000000001,518.88,20443.15,537.8200000000004,7500
PDR,Braga,2019-10-06,14504,1053.83,8029,645.0499999999994,47.35,20522.750000000004,49.690000000000005,620
PDR,Bragança,2015-10-04,1189,371.77000000000004,1408,473.1700000000002,151.98,10585.050000000003,157.95000000000002,546
PDR,Bragança,2019-10-06,1305,439.96999999999997,1417,534.4799999999999,46.52000000000001,10084.110000000008,48.63,121
PDR,Castelo Branco,2015-10-04,2091,227.7899999999999,2167,283.78000000000003,121.62000000000006,6792.179999999996,127.19000000000003,1086
PDR,Castelo Branco,2019-10-06,2250,279.49000000000007,2232,324.70999999999987,15.489999999999997,6581.849999999999,16.369999999999997,125
PDR,Coimbra,2015-10-04,5929,392.8599999999999,3536,293.08000000000004,216.80999999999995,8770.320000000003,226.98000000000005,3615
PDR,Coimbra,2019-10-06,6889,531.2600000000002,3814,347.09999999999985,35.71,8356.2,37.93,453
PDR,Faro,2015-10-04,4286,153.04000000000002,3079,124.43000000000002,81.09,3619.5499999999993,84.57000000000001,2293
PDR,Faro,2019-10-06,4900,200.79999999999998,3069,136.77,14.700000000000001,3274.2000000000003,15.509999999999998,359
PDR,Guarda,2015-10-04,1689,505.5499999999997,1987,596.7099999999995,268.9700000000001,12321.069999999996,282.0700000000001,958
PDR,Guarda,2019-10-06,2026,625.8999999999994,2057,675.4999999999997,31.569999999999997,11918.08,33.50000000000001,103
PDR,Leiria,2015-10-04,6902,311.59000000000003,4699,228.64999999999998,174.79999999999995,6298.63,183.86,4067
PDR,Leiria,2019-10-06,8202,390.6500000000001,5152,266.55000000000007,28.179999999999993,6036.829999999999,29.910000000000004,546
PDR,Lisboa,2015-10-04,22176,285.3299999999999,17112,212.62000000000015,123.59999999999997,8132.059999999998,128.43000000000004,10249
PDR,Lisboa,2019-10-06,23702,327.96,16081,226.88000000000002,36.01999999999998,7702.05,37.66000000000001,1884
PDR,Madeira,2015-10-04,1018,47.940000000000005,3597,156.12,67.76999999999998,2623.62,70.39000000000001,2144
PDR,Madeira,2019-10-06,697,31.670000000000012,2292,96.04,14.629999999999999,2742.3799999999997,14.900000000000002,443
PDR,Portalegre,2015-10-04,1130,118.61000000000004,896,104.43000000000002,35.57999999999999,4266.539999999998,36.85,326
PDR,Portalegre,2019-10-06,1200,140.92999999999998,999,142.62000000000003,8.34,3953.210000000001,8.71,68
PDR,Porto,2015-10-04,18902,422.32000000000005,14073,372.60999999999996,277.60999999999984,14410.610000000006,286.84000000000015,10702
PDR,Porto,2019-10-06,21233,537.0000000000005,15185,439.64999999999986,44.259999999999984,14050.8,46.170000000000016,1446
PDR,Santarém,2015-10-04,5142,303.81,3967,263.78000000000003,135.14999999999992,8382.39,141.09999999999994,2377
PDR,Santarém,2019-10-06,6022,401.4200000000002,4011,286.9199999999999,39.93999999999998,7980.309999999998,41.900000000000006,605
PDR,Setúbal,2015-10-04,7261,91.48999999999998,6183,76.11000000000004,48.20000000000001,3261.0899999999992,49.78000000000001,4124
PDR,Setúbal,2019-10-06,8191,114.34999999999998,6038,82.91999999999999,12.43,3000.2299999999996,12.919999999999998,692
PDR,Viana do Castelo,2015-10-04,3228,491.7,2141,350.8700000000002,370.66,10140.639999999996,386.7799999999998,2400
PDR,Viana do Castelo,2019-10-06,3617,588.8000000000001,2199,371.44999999999965,54.98000000000001,10214.650000000005,57.529999999999994,281
PDR,Vila Real,2015-10-04,1919,319.36999999999995,1960,365.71000000000004,120.52999999999994,9000.09,125.27000000000001,806
PDR,Vila Real,2019-10-06,2258,427.44000000000005,2397,525.3799999999999,38.92000000000001,8533.269999999999,40.879999999999974,185
PDR,Viseu,2015-10-04,4235,559.3800000000003,3632,545.4499999999999,236.78000000000006,14021.59,246.82,1952
PDR,Viseu,2019-10-06,4995,693.7199999999996,3700,611.5299999999997,85.93000000000004,14117.129999999996,90.27999999999999,457
PDR,Évora,2015-10-04,1421,93.58,1079,88.09999999999998,34.72,4257.69,35.669999999999995,443
PDR,Évora,2019-10-06,1680,139.88000000000002,1047,100.47000000000003,6.89,3860.2999999999997,7.13,70
PNR,Aveiro,2015-10-04,9163,353.6900000000002,6130,252.76000000000005,63.75000000000001,8243.029999999999,66.45,1698
PNR,Aveiro,2019-10-06,10642,447.39999999999986,6375,272.96,30.77000000000001,8015.390000000001,32.42,694
PNR,Açores,2015-10-04,3047,556.74,1583,284.5699999999999,29.020000000000003,7021.7599999999975,30.789999999999985,185
PNR,Açores,2019-10-06,3926,831.7299999999993,1363,248.05,41.14000000000001,6204.55,44.14999999999999,268
PNR,Beja,2015-10-04,1230,110.82000000000004,1132,120.95000000000003,28.48,4397.639999999999,29.49,275
PNR,Beja,2019-10-06,1371,140.85999999999999,1094,129.98999999999998,19.40000000000001,3994.11,20.23,200
PNR,Braga,2015-10-04,10708,754.4299999999995,6112,458.4500000000001,131.58000000000007,20443.15,136.43000000000006,1836
PNR,Braga,2019-10-06,14504,1053.8299999999997,8029,645.0499999999994,59.84,20522.75,62.89,862
PNR,Bragança,2015-10-04,1189,371.7700000000001,1408,473.1700000000002,58.10000000000001,10585.050000000003,60.350000000000016,190
PNR,Bragança,2019-10-06,1305,439.96999999999997,1417,534.4799999999999,51.75999999999999,10084.110000000006,54.220000000000006,172
PNR,Castelo Branco,2015-10-04,2091,227.7899999999999,2167,283.78,55.18,6792.179999999996,57.84999999999998,508
PNR,Castelo Branco,2019-10-06,2250,279.49000000000007,2232,324.70999999999987,28.53,6581.85,30.070000000000004,246
PNR,Coimbra,2015-10-04,5929,392.8599999999999,3536,293.08000000000004,79.28000000000003,8770.320000000003,82.99000000000001,1097
PNR,Coimbra,2019-10-06,6889,531.2600000000002,3814,347.09999999999985,44.900000000000006,8356.2,47.64,623
PNR,Faro,2015-10-04,4286,153.04000000000005,3079,124.43000000000002,45.05,3619.5499999999997,47.040000000000006,1343
PNR,Faro,2019-10-06,4900,200.80000000000004,3069,136.77,26.249999999999996,3274.2000000000003,27.63,729
PNR,Guarda,2015-10-04,1689,505.5499999999998,1987,596.7099999999994,111.46000000000002,12321.069999999996,116.78999999999999,389
PNR,Guarda,2019-10-06,2026,625.8999999999994,2057,675.4999999999997,55.65999999999999,11918.08,59.18999999999999,165
PNR,Leiria,2015-10-04,6902,311.59000000000003,4699,228.64999999999998,48.62,6298.630000000001,51.18000000000001,1073
PNR,Leiria,2019-10-06,8202,390.65000000000003,5152,266.55000000000007,28.459999999999997,6036.829999999999,30.34,622
PNR,Lisboa,2015-10-04,22176,285.3299999999999,17112,212.62000000000015,78.22999999999998,8132.059999999999,81.39000000000003,7188
PNR,Lisboa,2019-10-06,23702,327.96,16081,226.88000000000002,55.68,7702.05,58.089999999999975,4819
PNR,Madeira,2015-10-04,1018,47.94000000000001,3597,156.12,32.52,2623.62,33.8,784
PNR,Madeira,2019-10-06,697,31.670000000000012,2292,96.04,8.309999999999999,2742.3799999999997,8.459999999999999,202
PNR,Portalegre,2015-10-04,1130,118.61000000000004,896,104.43000000000002,20.380000000000006,4266.539999999998,21.1,217
PNR,Portalegre,2019-10-06,1200,140.92999999999998,999,142.62,19.180000000000003,3953.2100000000005,20.000000000000004,156
PNR,Porto,2015-10-04,18902,422.32000000000005,14073,372.60999999999996,135.91999999999987,14410.610000000006,140.5,4750
PNR,Porto,2019-10-06,21233,537.0000000000005,15185,439.6499999999998,47.08,14050.8,49.07000000000002,1948
PNR,Santarém,2015-10-04,5142,303.80999999999995,3967,263.78000000000003,66.96000000000001,8382.39,69.77,1206
PNR,Santarém,2019-10-06,6022,401.42000000000013,4011,286.9199999999999,49.18999999999998,7980.309999999998,51.71999999999998,834
PNR,Setúbal,2015-10-04,7261,91.48999999999998,6183,76.11000000000003,31.330000000000002,3261.0899999999992,32.38999999999999,2676
PNR,Setúbal,2019-10-06,8191,114.34999999999997,6038,82.91999999999999,22.62,3000.2299999999996,23.450000000000006,1771
PNR,Viana do Castelo,2015-10-04,3228,491.69999999999993,2141,350.8700000000002,86.18999999999994,10140.639999999996,89.79000000000002,559
PNR,Viana do Castelo,2019-10-06,3617,588.8000000000001,2199,371.44999999999965,54.879999999999974,10214.650000000003,57.59999999999997,292
PNR,Vila Real,2015-10-04,1919,319.36999999999995,1960,365.71000000000004,48.04,9000.09,49.970000000000006,279
PNR,Vila Real,2019-10-06,2258,427.44000000000005,2397,525.3799999999999,29.29000000000001,8533.269999999999,30.77999999999998,162
PNR,Viseu,2015-10-04,4235,559.3800000000003,3632,545.4499999999999,89.10000000000002,14021.59,92.63000000000005,608
PNR,Viseu,2019-10-06,4995,693.7199999999996,3700,611.5299999999996,53.359999999999985,14117.129999999996,56.079999999999956,326
PNR,Évora,2015-10-04,1421,93.58000000000001,1079,88.09999999999998,18.03,4257.6900000000005,18.509999999999998,280
PNR,Évora,2019-10-06,1680,139.88000000000002,1047,100.47000000000001,14.0,3860.2999999999997,14.529999999999998,179
PPD/PSD,Aveiro,2019-10-06,10642,447.3999999999999,6375,272.96,5297.489999999997,8015.390000000001,5572.149999999999,118141
PPD/PSD,Açores,2015-10-04,3047,556.7399999999999,1583,284.56999999999994,5865.980000000002,7021.759999999997,6200.630000000001,33826
PPD/PSD,Açores,2019-10-06,3926,831.7299999999993,1363,248.05,4673.910000000001,6204.549999999998,5018.160000000002,25249
PPD/PSD,Beja,2019-10-06,1371,140.85999999999999,1094,129.98999999999998,841.61,3994.1099999999997,875.7300000000001,8544
PPD/PSD,Braga,2019-10-06,14504,1053.83,8029,645.0499999999994,12832.979999999996,20522.750000000004,13502.139999999996,158652
PPD/PSD,Bragança,2019-10-06,1305,439.96999999999997,1417,534.4799999999999,9778.670000000002,10084.110000000006,10210.679999999997,25909
PPD/PSD,Castelo Branco,2019-10-06,2250,279.49000000000007,2232,324.70999999999987,3289.669999999999,6581.849999999999,3468.9399999999996,24674
PPD/PSD,Coimbra,2019-10-06,6889,531.2600000000002,3814,347.09999999999985,4406.670000000002,8356.2,4676.36,54279
PPD/PSD,Faro,2019-10-06,4900,200.79999999999998,3069,136.77,1449.11,3274.2000000000003,1526.6000000000001,38516
PPD/PSD,Guarda,2019-10-06,2026,625.8999999999994,2057,675.4999999999997,8904.640000000001,11918.08,9406.569999999996,26343
PPD/PSD,Leiria,2019-10-06,8202,390.6500000000001,5152,266.55000000000007,4123.07,6036.829999999998,4386.08,74961
PPD/PSD,Lisboa,2019-10-06,23702,327.96,16081,226.88000000000002,3076.6100000000006,7702.05,3212.790000000001,248937
PPD/PSD,Madeira,2015-10-04,1018,47.94000000000001,3597,156.12000000000003,2401.2200000000003,2623.62,2495.5000000000005,47228
PPD/PSD,Madeira,2019-10-06,697,31.670000000000012,2292,96.04,2270.4,2742.3799999999997,2326.4800000000005,48231
PPD/PSD,Portalegre,2019-10-06,1200,140.92999999999998,999,142.62000000000003,1313.8399999999995,3953.210000000001,1372.16,10375
PPD/PSD,Porto,2019-10-06,21233,537.0000000000005,15185,439.6499999999998,7901.489999999999,14050.8,8234.859999999999,291183
PPD/PSD,Santarém,2019-10-06,6022,401.42000000000013,4011,286.9199999999999,3594.3199999999997,7980.309999999998,3789.6099999999988,52141
PPD/PSD,Setúbal,2019-10-06,8191,114.34999999999998,6038,82.91999999999999,755.74,3000.2299999999996,784.5500000000001,56860
PPD/PSD,Viana do Castelo,2019-10-06,3617,588.8000000000001,2199,371.44999999999965,7863.829999999996,10214.650000000003,8237.509999999998,41196
PPD/PSD,Vila Real,2019-10-06,2258,427.44000000000005,2397,525.38,8138.529999999998,8533.269999999999,8551.409999999998,39143
PPD/PSD,Viseu,2019-10-06,4995,693.7199999999996,3700,611.5299999999996,10447.430000000004,14117.129999999996,10963.920000000002,64373
PPD/PSD,Évora,2019-10-06,1680,139.88000000000002,1047,100.47000000000003,989.7099999999998,3860.2999999999997,1026.35,12937
PPD/PSD.CDS-PP,Aveiro,2015-10-04,9163,353.6900000000002,6130,252.76000000000002,7791.669999999994,8243.029999999997,8126.890000000001,177185
PPD/PSD.CDS-PP,Beja,2015-10-04,1230,110.82000000000002,1132,120.95000000000003,1390.6399999999999,4397.6399999999985,1437.18,14980
PPD/PSD.CDS-PP,Braga,2015-10-04,10708,754.4299999999995,6112,458.45000000000005,17435.940000000013,20443.15,18070.440000000002,216357
PPD/PSD.CDS-PP,Bragança,2015-10-04,1189,371.77000000000004,1408,473.1700000000002,12062.830000000004,10585.050000000003,12530.489999999996,34408
PPD/PSD.CDS-PP,Castelo Branco,2015-10-04,2091,227.7899999999999,2167,283.78,4575.22,6792.179999999996,4783.210000000002,36803
PPD/PSD.CDS-PP,Coimbra,2015-10-04,5929,392.8599999999999,3536,293.08000000000004,6383.290000000002,8770.320000000003,6685.900000000001,81882
PPD/PSD.CDS-PP,Faro,2015-10-04,4286,153.04000000000002,3079,124.43,2067.96,3619.5499999999997,2157.63,59950
PPD/PSD.CDS-PP,Guarda,2015-10-04,1689,505.5499999999998,1987,596.7099999999995,11836.789999999994,12321.069999999996,12403.82,38964
PPD/PSD.CDS-PP,Leiria,2015-10-04,6902,311.5900000000001,4699,228.64999999999998,5863.469999999999,6298.630000000001,6164.740000000002,115453
PPD/PSD.CDS-PP,Lisboa,2015-10-04,22176,285.3299999999999,17112,212.62000000000015,4736.3899999999985,8132.059999999998,4924.370000000002,399520
PPD/PSD.CDS-PP,Portalegre,2015-10-04,1130,118.61000000000004,896,104.43,1786.01,4266.54,1849.6399999999994,16303
PPD/PSD.CDS-PP,Porto,2015-10-04,18902,422.32000000000005,14073,372.60999999999996,10809.480000000005,14410.610000000006,11174.290000000006,380043
PPD/PSD.CDS-PP,Santarém,2015-10-04,5142,303.81,3967,263.78000000000003,5179.64,8382.39,5410.850000000002,81544
PPD/PSD.CDS-PP,Setúbal,2015-10-04,7261,91.48999999999998,6183,76.11000000000003,1197.2900000000002,3261.0899999999992,1236.1999999999998,95659
PPD/PSD.CDS-PP,Viana do Castelo,2015-10-04,3228,491.69999999999993,2141,350.8700000000002,10738.530000000008,10140.639999999996,11182.230000000005,58509
PPD/PSD.CDS-PP,Vila Real,2015-10-04,1919,319.36999999999995,1960,365.71000000000004,10886.510000000006,9000.09,11277.799999999994,56262
PPD/PSD.CDS-PP,Viseu,2015-10-04,4235,559.3800000000003,3632,545.4499999999999,14939.530000000012,14021.59,15554.440000000002,97362
PPD/PSD.CDS-PP,Évora,2015-10-04,1421,93.58,1079,88.09999999999998,1379.5,4257.69,1418.1599999999999,20275
PPM,Aveiro,2015-10-04,9163,353.6900000000002,6130,252.76000000000005,57.87000000000001,8243.029999999997,60.30999999999998,1292
PPM,Aveiro,2019-10-06,10642,447.3999999999999,6375,272.96,19.650000000000006,8015.390000000001,20.700000000000003,387
PPM,Açores,2019-10-06,3926,831.7299999999993,1363,248.05,95.67999999999995,6204.549999999999,102.24999999999999,418
PPM,Beja,2015-10-04,1230,110.82000000000004,1132,120.95000000000003,20.03,4397.6399999999985,20.710000000000008,192
PPM,Beja,2019-10-06,1371,140.85999999999999,1094,129.98999999999998,11.430000000000003,3994.11,11.900000000000002,95
PPM,Braga,2015-10-04,10708,754.4299999999995,6112,458.45000000000005,68.59999999999995,20443.15,71.03999999999996,884
PPM,Braga,2019-10-06,14504,1053.83,8029,645.0499999999994,31.489999999999995,20522.750000000004,33.14,428
PPM,Bragança,2015-10-04,1189,371.77000000000004,1408,473.1700000000002,87.06999999999998,10585.050000000003,90.54000000000005,229
PPM,Bragança,2019-10-06,1305,439.96999999999997,1417,534.4799999999999,27.160000000000004,10084.110000000008,28.57,75
PPM,Castelo Branco,2015-10-04,2091,227.7899999999999,2167,283.78,74.19999999999999,6792.179999999996,77.68000000000002,496
PPM,Castelo Branco,2019-10-06,2250,279.49,2232,324.70999999999987,25.130000000000003,6581.849999999999,26.54000000000001,183
PPM,Coimbra,2015-10-04,5929,392.8599999999999,3536,293.08000000000004,32.98000000000002,8770.320000000003,34.540000000000006,525
PPM,Coimbra,2019-10-06,6889,531.2600000000003,3814,347.09999999999985,15.950000000000003,8356.199999999999,16.89,245
PPM,Faro,2015-10-04,4286,153.04000000000002,3079,124.43,29.580000000000005,3619.5499999999997,30.959999999999997,755
PPM,Faro,2019-10-06,4900,200.8,3069,136.77,15.029999999999998,3274.2000000000003,15.75,408
PPM,Guarda,2015-10-04,1689,505.5499999999998,1987,596.7099999999995,64.48,12321.069999999996,67.93000000000002,211
PPM,Guarda,2019-10-06,2026,625.8999999999994,2057,675.4999999999997,22.860000000000003,11918.08,24.310000000000002,80
PPM,Leiria,2015-10-04,6902,311.5900000000001,4699,228.64999999999998,31.42999999999999,6298.630000000001,33.14,701
PPM,Leiria,2019-10-06,8202,390.6500000000001,5152,266.55,28.099999999999984,6036.829999999998,29.869999999999994,492
PPM,Lisboa,2015-10-04,22176,285.3299999999999,17112,212.62000000000015,33.01999999999998,8132.059999999998,34.35000000000001,2820
PPM,Lisboa,2019-10-06,23702,327.96,16081,226.88000000000002,26.91,7702.05,28.10000000000001,1958
PPM,Madeira,2015-10-04,1018,47.94000000000001,3597,156.12000000000003,21.210000000000004,2623.62,22.000000000000004,528
PPM,Madeira,2019-10-06,697,31.670000000000012,2292,96.04,8.65,2742.3799999999997,8.879999999999999,180
PPM,Portalegre,2015-10-04,1130,118.61000000000004,896,104.43,24.18999999999999,4266.539999999999,24.979999999999997,187
PPM,Porto,2015-10-04,18902,422.32000000000005,14073,372.61,67.16999999999999,14410.610000000006,69.38,2392
PPM,Porto,2019-10-06,21233,537.0000000000003,15185,439.6499999999998,24.46000000000001,14050.8,25.470000000000002,857
PPM,Santarém,2015-10-04,5142,303.81,3967,263.78000000000003,52.02000000000001,8382.39,54.30000000000001,822
PPM,Santarém,2019-10-06,6022,401.42000000000013,4011,286.9199999999999,33.55,7980.309999999998,35.290000000000006,468
PPM,Setúbal,2015-10-04,7261,91.49,6183,76.11000000000003,13.640000000000004,3261.0899999999992,14.120000000000003,1024
PPM,Setúbal,2019-10-06,8191,114.34999999999998,6038,82.91999999999999,11.360000000000005,3000.2299999999996,11.840000000000002,739
PPM,Viana do Castelo,2015-10-04,3228,491.7,2141,350.8700000000002,104.06999999999996,10140.639999999996,108.55999999999999,535
PPM,Viana do Castelo,2019-10-06,3617,588.8,2199,371.44999999999965,41.05999999999999,10214.650000000005,42.97999999999999,204
PPM,Vila Real,2015-10-04,1919,319.36999999999995,1960,365.71000000000004,60.92999999999999,9000.089999999998,63.12000000000001,316
PPM,Vila Real,2019-10-06,2258,427.4400000000001,2397,525.3799999999999,42.71999999999998,8533.269999999999,44.96000000000001,188
PPM,Viseu,2015-10-04,4235,559.3800000000003,3632,545.4499999999999,81.61999999999998,14021.59,85.10000000000002,533
PPM,Viseu,2019-10-06,4995,693.7199999999996,3700,611.5299999999996,68.86,14117.129999999997,72.09,356
PPM,Évora,2015-10-04,1421,93.58,1079,88.09999999999998,31.969999999999995,4257.6900000000005,32.86,363
PPM,Évora,2019-10-06,1680,139.88000000000002,1047,100.47000000000003,9.969999999999999,3860.2999999999997,10.309999999999999,114
PPV/CDC,Aveiro,2015-10-04,9163,353.6900000000002,6130,252.76000000000005,31.67999999999999,8243.029999999997,33.080000000000005,785
PPV/CDC,Braga,2015-10-04,10708,754.4299999999995,6112,458.45000000000005,80.76000000000006,20443.15,83.6,993
PPV/CDC,Santarém,2015-10-04,5142,303.81,3967,263.78000000000003,32.45,8382.39,33.95000000000002,491
PPV/CDC,Viana do Castelo,2015-10-04,3228,491.69999999999993,2141,350.8700000000002,64.87,10140.639999999996,67.46000000000002,390
PS,Aveiro,2015-10-04,9163,353.6900000000002,6130,252.76000000000005,3781.159999999999,8243.029999999997,3942.600000000001,102726
PS,Aveiro,2019-10-06,10642,447.3999999999999,6375,272.96,4860.450000000001,8015.390000000001,5107.829999999999,120839
PS,Açores,2015-10-04,3047,556.7399999999999,1583,284.56999999999994,6217.849999999999,7021.759999999997,6572.970000000003,37869
PS,Açores,2019-10-06,3926,831.7299999999993,1363,248.05,6435.300000000001,6204.549999999998,6917.990000000001,33472
PS,Beja,2015-10-04,1230,110.82000000000004,1132,120.95000000000003,2885.18,4397.639999999999,2977.5199999999995,27775
PS,Beja,2019-10-06,1371,140.85999999999999,1094,129.98999999999998,3310.7700000000004,3994.1099999999997,3434.6000000000013,26161
PS,Braga,2015-10-04,10708,754.4299999999995,6112,458.45000000000005,10177.380000000003,20443.15,10541.34000000001,146412
PS,Braga,2019-10-06,14504,1053.83,8029,645.0499999999994,12682.909999999996,20522.750000000004,13325.680000000013,169468
PS,Bragança,2015-10-04,1189,371.77000000000004,1408,473.1700000000002,7160.35,10585.050000000003,7437.419999999999,23718
PS,Bragança,2019-10-06,1305,439.96999999999997,1417,534.4799999999999,8213.54,10084.110000000006,8586.070000000002,23215
PS,Castelo Branco,2015-10-04,2091,227.7899999999999,2167,283.78,4673.760000000003,6792.179999999996,4879.459999999998,40502
PS,Castelo Branco,2019-10-06,2250,279.49000000000007,2232,324.70999999999987,5232.760000000001,6581.849999999999,5506.210000000002,38302
PS,Coimbra,2015-10-04,5929,392.8599999999999,3536,293.08000000000004,5403.839999999999,8770.320000000003,5649.160000000001,77684
PS,Coimbra,2019-10-06,6889,531.2600000000002,3814,347.09999999999985,6475.090000000001,8356.199999999999,6861.050000000001,79590
PS,Faro,2015-10-04,4286,153.04000000000002,3079,124.43000000000002,2334.380000000001,3619.5499999999997,2435.4199999999996,62422
PS,Faro,2019-10-06,4900,200.79999999999998,3069,136.77,2669.4100000000003,3274.2000000000003,2811.1699999999996,63469
PS,Guarda,2015-10-04,1689,505.5499999999998,1987,596.7099999999995,7740.570000000003,12321.069999999996,8106.470000000003,28868
PS,Guarda,2019-10-06,2026,625.8999999999994,2057,675.4999999999997,9102.199999999999,11918.08,9619.96,28783
PS,Leiria,2015-10-04,6902,311.5900000000001,4699,228.64999999999998,2572.899999999999,6298.630000000001,2705.8999999999996,59184
PS,Leiria,2019-10-06,8202,390.6500000000001,5152,266.55000000000007,3348.5900000000006,6036.829999999998,3558.780000000001,69482
PS,Lisboa,2015-10-04,22176,285.3299999999999,17112,212.62000000000015,4426.750000000001,8132.059999999998,4594.389999999997,386354
PS,Lisboa,2019-10-06,23702,327.96,16081,226.88000000000002,5089.6900000000005,7702.05,5310.729999999999,404677
PS,Madeira,2015-10-04,1018,47.940000000000005,3597,156.12000000000003,1014.1100000000001,2623.62,1052.93,26152
PS,Madeira,2019-10-06,697,31.670000000000012,2292,96.04,1713.9200000000003,2742.3799999999997,1755.8100000000002,43373
PS,Portalegre,2015-10-04,1130,118.61000000000004,896,104.43000000000002,2978.73,4266.539999999999,3077.86,25037
PS,Portalegre,2019-10-06,1200,140.92999999999998,999,142.62000000000003,3131.9000000000015,3953.210000000001,3266.3799999999997,23013
PS,Porto,2015-10-04,18902,422.32000000000005,14073,372.60999999999996,7943.900000000006,14410.610000000008,8211.449999999999,314084
PS,Porto,2019-10-06,21233,537.0000000000005,15185,439.6499999999998,9702.589999999993,14050.8,10106.590000000007,342496
PS,Santarém,2015-10-04,5142,303.81,3967,263.78000000000003,4759.52,8382.39,4950.69,74905
PS,Santarém,2019-10-06,6022,401.42000000000013,4011,286.9199999999999,5530.240000000001,7980.309999999998,5805.9299999999985,76836
PS,Setúbal,2015-10-04,7261,91.48999999999998,6183,76.11000000000003,1881.3899999999999,3261.0899999999992,1940.1600000000005,145302
PS,Setúbal,2019-10-06,8191,114.34999999999998,6038,82.91999999999999,2133.7800000000007,3000.2299999999996,2212.85,152433
PS,Viana do Castelo,2015-10-04,3228,491.69999999999993,2141,350.8700000000002,5858.799999999998,10140.639999999996,6110.349999999999,38309
PS,Viana do Castelo,2019-10-06,3617,588.8000000000001,2199,371.44999999999965,7367.690000000002,10214.650000000003,7726.689999999999,42392
PS,Vila Real,2015-10-04,1919,319.36999999999995,1960,365.71000000000004,6089.48,9000.09,6308.0,36461
PS,Vila Real,2019-10-06,2258,427.44000000000005,2397,525.38,7421.009999999999,8533.269999999999,7798.35,37306
PS,Viseu,2015-10-04,4235,559.3800000000005,3632,545.4499999999999,7919.739999999996,14021.59,8252.010000000002,56543
PS,Viseu,2019-10-06,4995,693.7199999999996,3700,611.5299999999996,9961.029999999995,14117.129999999996,10452.409999999994,62833
PS,Évora,2015-10-04,1421,93.58,1079,88.09999999999998,2791.8499999999995,4257.69,2867.6799999999994,31705
PS,Évora,2019-10-06,1680,139.88000000000002,1047,100.47000000000003,2894.2200000000007,3860.2999999999997,2999.0900000000015,28371
PTP,Aveiro,2019-10-06,10642,447.39999999999986,6375,272.96,25.369999999999997,8015.390000000001,26.70999999999999,559
PTP,Açores,2019-10-06,3926,831.7299999999993,1363,248.05,22.970000000000013,6204.549999999999,24.460000000000004,145
PTP,Beja,2019-10-06,1371,140.85999999999999,1094,129.98999999999998,8.760000000000002,3994.1099999999997,9.05,73
PTP,Braga,2019-10-06,14504,1053.83,8029,645.0499999999995,39.550000000000004,20522.750000000004,41.589999999999996,522
PTP,Bragança,2019-10-06,1305,439.96999999999997,1417,534.4799999999999,48.29,10084.110000000006,50.86000000000001,101
PTP,Castelo Branco,2019-10-06,2250,279.49,2232,324.70999999999987,26.360000000000003,6581.849999999999,27.810000000000002,157
PTP,Faro,2019-10-06,4900,200.79999999999998,3069,136.77000000000004,15.049999999999999,3274.2000000000003,15.870000000000001,356
PTP,Guarda,2019-10-06,2026,625.8999999999994,2057,675.4999999999997,73.1,11918.08,77.63,171
PTP,Leiria,2019-10-06,8202,390.6500000000001,5152,266.55000000000007,19.449999999999996,6036.829999999998,20.719999999999995,380
PTP,Lisboa,2019-10-06,23702,327.96,16081,226.88000000000002,18.029999999999998,7702.05,18.869999999999997,1169
PTP,Madeira,2015-10-04,1018,47.94000000000001,3597,156.12,72.59000000000005,2623.62,75.45999999999998,1748
PTP,Madeira,2019-10-06,697,31.670000000000012,2292,96.04,41.419999999999995,2742.3799999999997,42.419999999999995,1185
PTP,Portalegre,2019-10-06,1200,140.93,999,142.62000000000003,7.660000000000002,3953.2100000000005,8.02,61
PTP,Porto,2019-10-06,21233,537.0000000000005,15185,439.64999999999975,45.430000000000014,14050.8,47.389999999999986,1395
PTP,Santarém,2019-10-06,6022,401.42000000000013,4011,286.9199999999999,18.949999999999992,7980.309999999998,19.999999999999996,265
PTP,Setúbal,2019-10-06,8191,114.34999999999998,6038,82.91999999999999,5.96,3000.2299999999996,6.2,431
PTP,Viana do Castelo,2019-10-06,3617,588.8000000000001,2199,371.44999999999965,36.31000000000001,10214.650000000003,38.04,208
PTP,Viseu,2019-10-06,4995,693.7199999999996,3700,611.5299999999996,48.58999999999999,14117.129999999997,51.089999999999996,239
PTP,Évora,2019-10-06,1680,139.88000000000002,1047,100.47000000000003,8.360000000000003,3860.2999999999997,8.700000000000001,82
PTP-MAS,Aveiro,2015-10-04,9163,353.6900000000002,6130,252.76000000000002,49.91999999999999,8243.029999999999,52.12,1253
PTP-MAS,Açores,2015-10-04,3047,556.7399999999999,1583,284.56999999999994,44.85,7021.759999999997,47.39,319
PTP-MAS,Beja,2015-10-04,1230,110.82000000000002,1132,120.95000000000003,16.09,4397.6399999999985,16.570000000000004,193
PTP-MAS,Braga,2015-10-04,10708,754.4299999999995,6112,458.45000000000005,123.38000000000005,20443.15,127.8299999999999,1620
PTP-MAS,Bragança,2015-10-04,1189,371.77000000000004,1408,473.17000000000013,100.80000000000003,10585.050000000003,104.69000000000003,284
PTP-MAS,Castelo Branco,2015-10-04,2091,227.7899999999999,2167,283.78,46.53999999999999,6792.179999999996,48.789999999999985,374
PTP-MAS,Coimbra,2015-10-04,5929,392.8599999999999,3536,293.08000000000004,76.4,8770.320000000003,80.05,1081
PTP-MAS,Faro,2015-10-04,4286,153.04000000000005,3079,124.43,45.65999999999999,3619.5499999999997,47.73,1220
PTP-MAS,Guarda,2015-10-04,1689,505.5499999999997,1987,596.7099999999995,92.50000000000001,12321.069999999996,97.05999999999999,277
PTP-MAS,Leiria,2015-10-04,6902,311.5900000000001,4699,228.64999999999998,41.269999999999996,6298.630000000001,43.46,916
PTP-MAS,Lisboa,2015-10-04,22176,285.3299999999999,17112,212.62000000000015,57.599999999999966,8132.059999999998,59.790000000000006,5026
PTP-MAS,Portalegre,2015-10-04,1130,118.61000000000004,896,104.43000000000002,20.270000000000003,4266.539999999998,20.94,198
PTP-MAS,Porto,2015-10-04,18902,422.32000000000005,14073,372.60999999999996,76.94,14410.610000000006,79.60000000000001,2788
PTP-MAS,Santarém,2015-10-04,5142,303.81,3967,263.78,55.51999999999999,8382.39,57.93000000000002,928
PTP-MAS,Setúbal,2015-10-04,7261,91.49,6183,76.11000000000003,21.180000000000003,3261.0899999999997,21.88,1807
PTP-MAS,Viana do Castelo,2015-10-04,3228,491.7,2141,350.8700000000002,199.7799999999999,10140.639999999996,207.96,959
PTP-MAS,Vila Real,2015-10-04,1919,319.36999999999995,1960,365.71000000000004,111.29999999999997,9000.09,115.30999999999996,521
PTP-MAS,Viseu,2015-10-04,4235,559.3800000000003,3632,545.4499999999999,113.33000000000001,14021.59,118.17000000000003,721
PTP-MAS,Évora,2015-10-04,1421,93.58000000000001,1079,88.09999999999998,15.539999999999996,4257.69,16.009999999999998,224
PURP,Aveiro,2015-10-04,9163,353.6900000000002,6130,252.76000000000005,23.380000000000013,8243.029999999997,24.399999999999995,634
PURP,Aveiro,2019-10-06,10642,447.3999999999999,6375,272.96,27.91000000000002,8015.390000000002,29.33000000000001,701
PURP,Açores,2015-10-04,3047,556.7399999999999,1583,284.5699999999999,52.650000000000006,7021.759999999997,55.81000000000001,346
PURP,Beja,2015-10-04,1230,110.82000000000004,1132,120.95000000000003,37.65999999999999,4397.6399999999985,39.00000000000001,340
PURP,Braga,2015-10-04,10708,754.4299999999995,6112,458.4500000000001,63.10999999999997,20443.15,65.42999999999996,878
PURP,Braga,2019-10-06,14504,1053.83,8029,645.0499999999995,34.100000000000016,20522.750000000004,35.87999999999998,549
PURP,Bragança,2019-10-06,1305,439.96999999999997,1417,534.48,74.53999999999998,10084.110000000006,78.38,184
PURP,Castelo Branco,2015-10-04,2091,227.7899999999999,2167,283.78,37.28,6792.179999999996,39.17999999999999,272
PURP,Castelo Branco,2019-10-06,2250,279.49000000000007,2232,324.7099999999999,42.28,6581.849999999999,44.47999999999998,273
PURP,Coimbra,2015-10-04,5929,392.8599999999999,3536,293.08000000000004,33.269999999999996,8770.320000000003,34.78,451
PURP,Coimbra,2019-10-06,6889,531.2600000000003,3814,347.09999999999985,29.619999999999997,8356.199999999999,31.419999999999998,402
PURP,Faro,2015-10-04,4286,153.04000000000002,3079,124.43000000000002,32.89999999999999,3619.5499999999997,34.34,886
PURP,Faro,2019-10-06,4900,200.8,3069,136.77,17.82,3274.2,18.82,499
PURP,Guarda,2015-10-04,1689,505.54999999999967,1987,596.7099999999994,39.150000000000006,12321.069999999996,41.1,144
PURP,Guarda,2019-10-06,2026,625.8999999999994,2057,675.4999999999997,53.94,11918.08,57.02000000000001,154
PURP,Leiria,2015-10-04,6902,311.5900000000001,4699,228.64999999999998,27.160000000000007,6298.630000000001,28.580000000000002,612
PURP,Leiria,2019-10-06,8202,390.65000000000003,5152,266.55000000000007,22.059999999999995,6036.829999999999,23.61000000000001,486
PURP,Lisboa,2015-10-04,22176,285.3299999999999,17112,212.62000000000015,44.17,8132.059999999999,46.02999999999997,3999
PURP,Lisboa,2019-10-06,23702,327.96,16081,226.88000000000002,24.299999999999986,7702.05,25.410000000000004,2101
PURP,Madeira,2019-10-06,697,31.670000000000016,2292,96.04000000000002,30.240000000000002,2742.3799999999997,31.02,801
PURP,Portalegre,2015-10-04,1130,118.61000000000004,896,104.43000000000002,12.799999999999997,4266.539999999999,13.259999999999998,147
PURP,Portalegre,2019-10-06,1200,140.92999999999998,999,142.62000000000003,14.659999999999998,3953.2100000000005,15.37,114
PURP,Porto,2015-10-04,18902,422.32000000000005,14073,372.61,38.5,14410.610000000008,39.749999999999986,1611
PURP,Porto,2019-10-06,21233,537.0000000000005,15185,439.6499999999998,46.78000000000001,14050.8,48.75000000000002,1899
PURP,Santarém,2015-10-04,5142,303.81,3967,263.78000000000003,53.81999999999999,8382.39,56.23,827
PURP,Santarém,2019-10-06,6022,401.42000000000013,4011,286.91999999999996,32.529999999999994,7980.309999999998,34.199999999999996,498
PURP,Setúbal,2015-10-04,7261,91.48999999999998,6183,76.11000000000003,20.81,3261.0899999999992,21.490000000000002,1700
PURP,Setúbal,2019-10-06,8191,114.34999999999998,6038,82.91999999999999,12.579999999999998,3000.2299999999996,13.06,1033
PURP,Viana do Castelo,2015-10-04,3228,491.69999999999993,2141,350.8700000000002,30.519999999999992,10140.639999999996,31.89999999999999,213
PURP,Viana do Castelo,2019-10-06,3617,588.8,2199,371.44999999999965,29.57,10214.650000000005,31.029999999999998,212
PURP,Vila Real,2015-10-04,1919,319.36999999999995,1960,365.71000000000004,31.14,9000.09,32.38,151
PURP,Viseu,2015-10-04,4235,559.3800000000005,3632,545.4499999999999,62.70000000000003,14021.589999999998,65.41999999999994,387
PURP,Viseu,2019-10-06,4995,693.7199999999997,3700,611.5299999999996,69.37000000000002,14117.129999999996,72.77999999999993,363
PURP,Évora,2015-10-04,1421,93.58000000000001,1079,88.09999999999998,13.350000000000005,4257.69,13.690000000000001,166
PURP,Évora,2019-10-06,1680,139.88000000000002,1047,100.47000000000003,11.45,3860.2999999999997,11.819999999999995,154
R.I.R.,Aveiro,2019-10-06,10642,447.3999999999999,6375,272.96,138.21000000000006,8015.390000000001,145.21999999999997,2750
R.I.R.,Braga,2019-10-06,14504,1053.83,8029,645.0499999999994,304.5100000000002,20522.75,320.0599999999996,3469
R.I.R.,Bragança,2019-10-06,1305,439.96999999999997,1417,534.4799999999998,136.99000000000012,10084.110000000006,143.3999999999999,360
R.I.R.,Castelo Branco,2019-10-06,2250,279.49000000000007,2232,324.7099999999999,70.32000000000001,6581.849999999999,74.37999999999998,541
R.I.R.,Coimbra,2019-10-06,6889,531.2600000000003,3814,347.09999999999985,98.63000000000001,8356.199999999999,104.88999999999999,1154
R.I.R.,Faro,2019-10-06,4900,200.80000000000004,3069,136.77,43.85,3274.2000000000007,46.320000000000014,1035
R.I.R.,Guarda,2019-10-06,2026,625.8999999999994,2057,675.4999999999997,147.68999999999997,11918.08,156.24000000000004,458
R.I.R.,Leiria,2019-10-06,8202,390.6500000000001,5152,266.55,82.35,6036.829999999998,87.84,1653
R.I.R.,Lisboa,2019-10-06,23702,327.96,16081,226.88,70.47,7702.049999999999,73.79,4530
R.I.R.,Madeira,2019-10-06,697,31.670000000000012,2292,96.04,46.26,2742.38,47.480000000000004,1185
R.I.R.,Portalegre,2019-10-06,1200,140.93,999,142.62000000000003,29.76000000000001,3953.210000000001,31.030000000000005,208
R.I.R.,Porto,2019-10-06,21233,537.0000000000003,15185,439.6499999999998,435.05000000000024,14050.8,453.55999999999995,10545
R.I.R.,Santarém,2019-10-06,6022,401.4200000000002,4011,286.9199999999999,93.62000000000003,7980.309999999998,98.44000000000003,1266
R.I.R.,Setúbal,2019-10-06,8191,114.34999999999997,6038,82.91999999999999,31.539999999999996,3000.2299999999996,32.77,2107
R.I.R.,Viana do Castelo,2019-10-06,3617,588.8000000000001,2199,371.44999999999965,174.04,10214.650000000005,182.64000000000004,1058
R.I.R.,Vila Real,2019-10-06,2258,427.44000000000005,2397,525.3799999999999,130.46999999999994,8533.27,137.57999999999998,648
R.I.R.,Viseu,2019-10-06,4995,693.7199999999997,3700,611.5299999999996,227.58000000000013,14117.129999999994,238.88,1336
R.I.R.,Évora,2019-10-06,1680,139.88000000000002,1047,100.47000000000003,27.350000000000005,3860.2999999999997,28.41000000000001,334
